address,allocation
0xa2ce8bb4d2b018ed0f807adc835cb8100baeb9bd,1.2801%
0x4d02af17a29cda77416a1f60eae9092bb6d9c026,1.1145%
0x4bb96fc7f7e5064aa78c992028ec963eb500f7b8,0.9232%
0xe31959882e951c2895c0fd0f1d28215ca917aa8a,0.6826%
0x45d06e16f5a52cc85561d1c05704094cdc775508,0.4446%
0xeacdda5fba476c6c5590550fc4afc13c5081bfa8,0.3147%
0xc117f8a5fb540298d5b0307933590994350ccd34,0.2689%
0x088f5b099d58f411296417d90fa84bc0dabfd06a,0.2198%
0x96a9867e7668e43bc9794322acf241482ca34723,0.2118%
0x2c7109d5650abfd86952bc1d2e409584bc72e310,0.2249%
0x0101eaee8d0013234c32936963ff504a9954220b,0.2336%
0xa941275c3907192f0d84a9e1a21f3276e620604d,0.2129%
0xaa21496f86b3a2318eb660885a1b3637b793d17d,0.1536%
0x2715b583cdff49abba99d06df742a13f6aa6932f,0.1992%
0xce8d4e158981c4bb9b830fd729e415b5f7b666af,0.1871%
0x48d7d9e85f90c3489910e5e3461d19db29a9a35b,0.1540%
0xd481070e6d9834b903125b89093e3b922dd869a7,0.1397%
0x021b862960caebccb9e3180425540edff47e56e8,0.1549%
0x42742954f391a2fdac26340f32ec18b1bd019c68,0.1254%
0x42b10b337a5692743d587134c89a725422c3dffb,0.1928%
0x7fc1ccd50ffff00284456de6ebc16b11c8660eb6,0.1817%
0xb792935ebfe6744d71cc5664e73fced13f400293,0.0735%
0x8c78981ca4e7a0ae020aae0e640af5547bd025c4,0.0734%
0x7911ed1eec934f1c3719d5c760c01cf77f6f38f8,0.1094%
0x53d4298e9fd219759b8fbbc9ed04b99a8eca4889,0.1024%
0xfb9fb553acaec0d991acdbbcc3fd837b3f464270,0.1699%
0xabf82f02747aa5201baf069a5242bd00fc351128,0.1241%
0xe0518b5d6bad6e2fee4e930efc489e6c6c0ab235,0.1002%
0x841ccec37f5364d70ef32f328aaacdf5ee43e434,0.1078%
0x8ef6f058666a6554eee59d21655411e4fb13012e,0.1265%
0xfdcab466f4c8d732c10dc99f3fef8f0337ddf892,0.1170%
0xd5d7b617d019e1389a9075b70a9c579e0901ce11,0.1062%
0x3e1dccdf07a014441178f1749dd14dc9160a87e6,0.0450%
0xcab6c01601302051c8a10aa05fe97ff2e895bbb3,0.0734%
0xe4bb0b15beaf306056177bb4aa303158d5c204ab,0.1162%
0x448811ca2806a04ac3d1f356537dacc4d03aee87,0.0990%
0xd02df454eebf85278b3c257ebc880709dc5e96ce,0.1269%
0x8a25b453a19a730d30c1a5407c4b31d3b11ec194,0.0859%
0x47cddfbc26da2df3b10f360b32c52a33e309023d,0.1852%
0x0d589fe6064956d49f0f9ec4fc89dbdf36db9362,0.1868%
0xad97523928028d2bc4e50f34b45465a6d53bcd97,0.1129%
0x4702f25d0870fb2b3efd50742d93243f57b7262b,0.1140%
0x662c2315180fce67e6c156e6337e8e1c40259e80,0.0589%
0xd5bb8081977fb95355eae4f838181d262a5fcce3,0.1330%
0x4843eeee9c10822e040d8119691da909192680dc,0.1741%
0x625e542f2fa2b84ddaeaa45f945901b250f402ce,0.0840%
0xdf35de3e66b9c9f401d81b6b112e46b13b9b331a,0.0824%
0x39d09767373221b53f499bff686cd01a3ee3e526,0.1143%
0x315f355d2af7c844824459b60c570ccd4d28059a,0.0598%
0x1a13975b89fb2e19a6c35ee38e22c9efacc837de,0.1547%
0xda11c7475da3d28bc7f041851e640ff88d00e9b5,0.0862%
0x65ce0c38ee4dac4ec7ceeffb679a3465c135506e,0.0550%
0x0f01283b9d7008b659c5267775bdbb897a0289fc,0.0550%
0x6739a2a120b678423f86421abb907b27d50ad138,0.0550%
0x97c2097f8c63e977f2b6c76c62e2a5ab82e0c659,0.0550%
0x45daa9820a39fce173cd72cae3d04e26d8cac8bf,0.0550%
0x104fe1f6d0a7585405abe80e1e2845f6c3f6cab6,0.0550%
0x6b57c8b61b1be98e74bd6c70945a439b36f391bc,0.0550%
0x99e723769f3ad991f4215e3e54a0f0921b946a88,0.0550%
0x0d869045a18ac7969ab895e1e47238ec12b28425,0.1837%
0x481b88067e787237ad931ceb1b858c56586f12dd,0.1027%
0x733c633d653345aed82fffa8d81cc01a15c4ba1e,0.1197%
0xf66abec43518a07f691432e280e02710984a9929,0.1703%
0x76a109da677300e54dd82844d7e77f9314ab3ed9,0.1131%
0x7c520d34d4370098182e85d550caa1d78fb10283,0.0659%
0x8d645d2f862ce4ef2bfa3fb980ee6388e493de92,0.1074%
0x8091ede0a5c09f8c7323d074f98f13a94f28bde1,0.0414%
0xaeb741aff923eb98cab8930c82778b06491167ea,0.1027%
0x24c79a71003c9a284aeee18ff2134a3e79e60373,0.0740%
0x0e08c2bb3eb8890a099a3381fb0f486f76089ba6,0.0882%
0xd6d30dcfc7c0d1193c41b997660105fe8b91b73d,0.0397%
0x8206730b683c96cf9cd088847e8e47974d368dca,0.1065%
0x52509e3d2a165416e14cc5603e99957b9ce83b0f,0.0806%
0x079233f0694b0ac26ea317ab9d95ba22f5436e1f,0.1050%
0xdedd9468cb9ba288481687f40694aa66e64bff7d,0.0458%
0x1eb29070acad13891f2ed7acef5b30463edad03b,0.0414%
0xf4f0ac929a0b6a7ed660d1ced359a54642fe1517,0.1007%
0x56c824102067c5eba7c1be816d82cafc9868fcae,0.1151%
0x01efbe1921409ab96461b7ed517447d628b51447,0.0760%
0xb69122686467a60d366a0b8a07f5db17496265a1,0.1047%
0x65d7a5270098b0c39018a545769fe279453a6cc1,0.1030%
0x110279da199e08f763eea9cc7b8d56eb6f4bfaed,0.0870%
0x482e4daa4c431cea87022b55e68182785ceed510,0.0454%
0xe7c8f2adbee9a5d7a79c95b67661223d113d72f1,0.0453%
0x2768cee8592ad3026b36212b0cfef873eba25d00,0.0453%
0xcbe3074ab28eb40d31dda60637e6f26fdd49bc9e,0.0453%
0xa06db5ddf73afbfe65bbc1d66a90b2223efb0aa9,0.0453%
0x3c2289230882d261489d690883f795366f01f1c6,0.0453%
0x7b879b584935184983e3057769c75c78dd5ed781,0.1237%
0xffa129efbeed51bf9c3a0f2f5ddd4b82ea5e2737,0.0453%
0xbd45a474152213e11106f3c517be478fa5c2224b,0.0452%
0x2f648c68b0fab58eaa0750e2d90593f55b4aa508,0.0452%
0x2ee68752673de967d04771e77ba5d51f987d58a8,0.0452%
0x1a391ed9c81ee86a3774d80755440136633cc8ec,0.0452%
0xfddfdcc454bad20f9255a2efa0a2fe9ed9cae305,0.0452%
0x8a75bd212f2a8a37956c1bdedab6be2be4fffafc,0.0452%
0xf534e2229393105d910965927a2f3e0a7bf35086,0.0451%
0xf96738a031d33dab30319bc2bd57e695bbc837f2,0.0451%
0x2eb28c817e58653cd795264a821b179687d1972b,0.0451%
0x140b05a0ded922ce578ca56dda4f12d7b9dd152d,0.0451%
0x7332ef61d1cd0c57bebfff2efd0812e8957c9f09,0.0451%
0x1a72339d138a408338666d40cf7c3d981152f618,0.0451%
0xfe51c5e9ffde82bb8cb3adcdbefd17268cc3e0ff,0.0866%
0xa3b567a5675051875bec804325076212f63921b2,0.0451%
0x79e4b6b35b043c74866e30649a01747c56933101,0.0451%
0xb1c149e2aced5bbcb89aeb3f7d075c13cbcacfcb,0.0451%
0xa05a32985cdff3ba7c91fdd2172b517e5b0d267e,0.0451%
0x8a4c20981a5aed925c5c2ef5a400a1c39b24aa5c,0.0451%
0x10feedbb4aa115357145878fbacb02265fcfe1a7,0.0450%
0xf164cf0351a9d3285f306bc6577e4da12d82df8c,0.0450%
0x2aae4779085bef3af43cd27333b05d59b5931681,0.0450%
0x37605ce262fac9082229bbb84ec51f392a34c13d,0.0450%
0x91f6ec3034018aa28962c51ff55ca6e173b34c89,0.0625%
0x51bba006a9ad47ed530f43c29d910b0f448d147a,0.0449%
0x08a71ee1b93738212b28900cafb3f5f36136f41e,0.0449%
0x42e94cac2efcc0821cbe130b2ffd1b3ef85333c2,0.0448%
0xb4db3617b76a04acd4274987e93fa2d92ffdd4a3,0.0822%
0xb23476a325ea68a5a31790365e8b85ba3f27a51d,0.0998%
0x968311708bf80271caee1636744dc51a3ac2143a,0.0725%
0x13acd21ec714c93c0d3e8d407d9dee8d268a8b85,0.1226%
0x95e75512b2ef7cd9789863bbaa613f44a43e4dd8,0.0509%
0xb23e32e08ee52d5176e3fe36150f369e1bf5e8a4,0.0996%
0x13c58f8337401b17a29ae9d68a805e39e38c8e92,0.0782%
0xe3b7722d16b14eef8397e5c6ca50496488ca5113,0.0782%
0x6fecc8fa6820e7e16ec9839837864f76ee9fb52c,0.0439%
0x34bc3ccf60bb87ee05c68dd46210e5265d6cc3c7,0.1167%
0x7501c8548478ffc6e3a2175f93a68a886e3bb75b,0.0436%
0x957e127a1d299e775b6e4e3cfb061c4b1407ee14,0.0386%
0x46b5aedf8fe8ec840085642edc6619dcb3f49c1a,0.0814%
0x8460543495edab9d57c776d60afebc0d680276f9,0.0537%
0x4d85efb860aa3fd680da554f0273c2dd1a49411a,0.0723%
0x53775ecabacf4882a0c4e450a4fd95376d947ae0,0.0387%
0xe2a245f6b3f354392c23a63b623fc908e7246331,0.1165%
0xb696d48ef52670cdfc719259d0e1bff994bcabde,0.1379%
0x264e317078d81ea828c234e5cda845126eaf0234,0.1021%
0xe2a500a3e99cc4bd07a293d486933756c839a966,0.0753%
0x794e3be2450ac9630f9238d3f2c04e4ea61dc0ab,0.0589%
0xd4ac545ed54576fe3c23af0ada9e1bb4e9eccc14,0.0720%
0x0275ddd99e992f6e2c029c7bd516964387aa2ff9,0.0151%
0xffb5999828236e2fec8cfe4d24845efcc608a49c,0.1430%
0xad1467cfca4eee70f2edf18b27c657e1bd7ebc19,0.0999%
0xee51d341a8448c868d9fdffde879845fe0974d0b,0.1126%
0x8d9c9827d4006bc9792dd52a6fd503bd98cb40ba,0.0640%
0xf701c97449861083ad7b33dda969f436f35c1f2b,0.0801%
0x6de855f9b1b2d214209509191070cc2b1ad37960,0.0319%
0x22a382aa53af8d58b50c2fd81ad544c2e8a6218a,0.1281%
0x0bf6af64903f8627d557ffb6d8d4d93019e9bbdb,0.1619%
0x074f7d6004ef5a290a163afe9951b9d8f6b79382,0.0604%
0x75eab25d957590881b701002f07836a2b5b8e2f0,0.0424%
0x7fac75bcae3bc7e0f04d25b3988c14ba197e6f2a,0.0752%
0x26a991770d72c1ff9246eadbde07a3fea8bf223b,0.0943%
0xfb4a3385a404e563585e57a9eec32bfaac73a15c,0.0633%
0x0cca90a4ba750fc7f970019df3e1e01c8f2ccd4e,0.0765%
0x64af2c0744b68335dbce0a8df2ac1a8bd44e5fb0,0.0712%
0xca22d7894aefc2621f27221a2c18300370500e6d,0.0265%
0x08db60ef88a7de32126d10b5f4ef5d52ad749658,0.0834%
0xad9b161168db9d32b0659bc61021a6634574a61c,0.0833%
0xbccb0fec788b3065c40226490f43aa71be110e4a,0.0834%
0x88cc887af482684bd6165342c877c43d89e62d48,0.0540%
0xeef9f12cdfe9e79709dbf6879d0c12c0b367013b,0.0416%
0xb076e91fdffb552246be4c13af224356c88c084d,0.0832%
0xf47c17e3a072484beef8cc4d64a712128e0965e6,0.0931%
0x79f095c916abf6861333939b44453d1f4db4134c,0.1367%
0x9a660ea8b69d00a8ab4c4c6561a0dbbf9b6c6811,0.0625%
0x42d310348d979278f5d353b2b40ca6cf60d9276c,0.1659%
0xfb79ea991f16f1a4b3c4f13d8fcdefdc2be37af2,0.0963%
0x0bc73b68117c7d33b0fda94d238c0779e87ce93a,0.0400%
0x8b21a0d8917625f91ce45ef01042e1d81b6deee2,0.0927%
0x50e49a3237454e3538bcccee025282e30e2c509d,0.0695%
0x93d7c80eee39bfe8655078077c72780f1c992bac,0.1765%
0xead5878eb0e804d30f2eda336c512e3dc5732505,0.0411%
0x878be58405885eb5f623e439ef69341ea9f6ecb9,0.0753%
0xfeb06b8a7f833ac00dc93b783680be3aa6324787,0.0925%
0x25da6d2e79cc8b74d2bb5248e61234f85e1a4cdc,0.1206%
0x976d7fe30dad18190c6e9860fca35f08752bb49a,0.0925%
0x2b48825c58c9e8d34a7d4a86c034b0dd9e4f2aaa,0.0511%
0x81de002ee689965906333e3e32aebdad12b5bb63,0.0398%
0xa52412e099eb1ae16864d31dafb77d96f7aebed0,0.0256%
0xfad3633454841ba4277b59492e2e18f69ce9df5e,0.1010%
0x941ad0e9a072305d39a37992b244c18adba8c0f6,0.0922%
0x5d6009d9acf734efa73c8c815eab08a5dd78111b,0.0701%
0x1b08afb11d20b1802becc6b851795d83e3208faf,0.1077%
0x7d4f78cc092f337823d2626ce38b9f2b9c3fd0e6,0.0750%
0x8e48f99c8b09417a1b1a196f272b3109da829d47,0.0409%
0x09af0d4ec0c174895846d553b3890a6562bfc10b,0.0529%
0xfc0feb272f1481759172777e6f3c24b5d929ca71,0.0922%
0xa8fa9462f23bf01ff533c6800c50c92a755ab962,0.0640%
0x0e0b6b12717d029047bc039460016782ce458e0e,0.0814%
0x54f8fed14359133e2d0a1f92567ee50d0d61218e,0.0589%
0x95d3ca0a1643c4ab20708e64f53683d16554347e,0.0993%
0xaef64e2462d044b35e4b016e31c7fdaae92bec92,0.0821%
0xdd080cc45e0c5e594d8ae08d0772e6a04fcb0773,0.1427%
0x37cff9e75f3e1279a0c1645d1364498f3724468b,0.0820%
0x0bffa82b1e1c225a8dcfe230652982889e463a16,0.0820%
0xf417e3ca84e5edfbb711d4a2f2107999359ffaeb,0.1006%
0x4ee8a9b66740db935bfe9e6ab42ac92d1789fa1f,0.0353%
0x56715c76c3c22b2dfd6b2b3275bb8ce83e2a0fcf,0.1007%
0xd22769fd3ee303ea8facaf9294f6ca526ac8d643,0.1689%
0xa4c64e81cdd162180bb7d0b4c3b50cd52372b40a,0.0385%
0xf6bacfa5bb84429aeddacf6860f69274e3c11832,0.0335%
0x3fd1baf0ebf3ae84b436fcfa22cfef5e639d93c2,0.0638%
0x65e24442b16602d95883d2379ae7069a6de8910a,0.1761%
0x36f8e2f70b4638335222ccca3d3b584ab9058984,0.0921%
0x246be6e2895c739df37e1f1d301d74614d061a86,0.0269%
0x7c760d3035955629ac68deb49852c7f85f432032,0.0212%
0xa6df4f27322782ca004e4eadf9e453bd13e8a839,0.0212%
0x513227833f2ce6e65d27f9b1a13807f456e8ee14,0.0212%
0x4951ceb2ce1d7dca2265d6fc5e29c5e4ea2ebc02,0.0212%
0x5a649a236b9ccdcf5c78de83fe7043f16477ea4c,0.1001%
0x19888d3c632d34b5bc3cd05e6f9a95e54250a1a1,0.1365%
0x70c33df3d61c751bc42da00054b785aba103863b,0.1309%
0x823bb9bdd4110c4e78144c9d1a4b643419035b4e,0.1003%
0xf95ac4d250e24faa6720c6b3dc55e6a224ae3ae0,0.0560%
0x6c54dbfb19dddf59a3de1514a2996b01019fdafd,0.1369%
0xe98633fb41abb944fc20eb8ddc017128f6d01cb4,0.0577%
0xd542b586dec57e3c2a3465fab16f463c15f317a3,0.0210%
0x0968a1ba9d989bdd8d5279220875ce8c7a6e5da4,0.0669%
0xaa1dbd98fbed67a249286ecc17cdb63db1a10806,0.0950%
0xc0fb281433c3bc32e15552a4ea8d6a2a27a02d47,0.0694%
0x059f07ab96e4e66be2953dfa91af15ed1e99839b,0.0795%
0xd9e077e066125d7c97d57241b4671bbe36c7a861,0.0377%
0x6387ed2d6d9b4604875c7c9153f7daf7efdb90ab,0.1694%
0xefd807666e402a5b35e3c57172a8ddfb6e0b20c5,0.0507%
0x63a9bdc446dd87579ce397eb3e195d6236a48d83,0.0580%
0x56194d063a4d28f24b9969e68eda8c90c4083d96,0.1064%
0x305df5d0e3858b99ec5c8a6fe7466b393454f3b6,0.1122%
0x9cf94f24ad1d2fddc0dd1397e01a9769259b5f28,0.0398%
0x5fb868276de70305d759d26f6d7f272b7f369bc5,0.0745%
0x0a9643381b7a6fe41e693c4dd0e4cae57bb2bd69,0.1536%
0xcc548974f87f2f33000ce34306e4f7069a3ab711,0.0398%
0x63302523499d4afcd32070d32f536b3a7a614632,0.0360%
0x8407f48b0551c7c3241328e3bc9e5cac02781d3b,0.0360%
0x8ec99903cdca2f5815af66596522584e554e9892,0.0360%
0x1836e621415dc88e4787efbb7e8c3758360d7f08,0.0360%
0x4d9267139e8071ac933681328995a07ecfdd3e5e,0.0360%
0xb3b021c6e3825449cf219736322b66c7446fa6f9,0.0360%
0xff09ac3b1ca6d5e7d689c94f7baaaae4fdddaeca,0.0360%
0x4ebee35b7302bad5acd8d199ec52d619887d1da1,0.0360%
0x0a75ca4775e6eaba905f4c0699418d188ef14621,0.0360%
0x6cbc4e142dfb2c4d0e95fc75c74b62f94a3a3e68,0.0360%
0x47898ff601d995a2b52adb968a7916acdcf303b8,0.0360%
0x36fa5a5320134512c5977242b56bf72653776b99,0.0360%
0x49274aad36c99d04db988487c542fb273e804115,0.0360%
0xb6a30ef01f74c83abdd5aab625b4558651d73f69,0.0360%
0xfb59857ee645995dd231b37ba36c6dd88c94230f,0.0397%
0xb0994e14dd08d7fbe85119b62df211c8488d2063,0.0360%
0xbeb14f63f73d2193131d756247af8b6e852dcb02,0.0360%
0x66e00e8210d375abebe0a21bdad6b6f9419de3d8,0.1123%
0x622b581fdb3901dda3bd67da6fe1516ee0b28c35,0.0500%
0xf14ff54d00623d13128f5031106779bc9d00274a,0.0505%
0xba70fc3e345d818541227225282e01a576396586,0.0612%
0x838e8dc6d87dfc6af2ccd64264fdac41331ec921,0.0889%
0xda91983e746cc122fc3e51fab2ad5177aa36bc6c,0.0947%
0xbb9f1391221b18978c21c3cc8dd2ddecff8d9a0b,0.0629%
0x6718d54fb60710650a8fdeea9d16a92dbd88de7d,0.0687%
0xcf72173c14a5e3cfdf76c69a2677028ffa3209e5,0.0999%
0xde489c8e2eaf76f09944abf8b9b62132e69d4a00,0.1680%
0xbbaf76cf1ed3e74acbfe463c26e4c07e6fe6c864,0.0498%
0x3622fc18e57d4adea145a4d411fa94c0135435f0,0.0604%
0x04ccc7fa2fc600914fa95db34ab27c9437e742fd,0.0799%
0x4a411d6636934d91e52a0c912afe833bb73a74fa,0.0493%
0xe9a5ad06daca1bf8d48c9fd98ddfbd34e8cf0776,0.0907%
0x158f9bb510ac672396a8e73a98170896ff2788a1,0.0196%
0xe842c8f4c45f4dbdab39fd4ee3a0df0daac10b92,0.0681%
0x9353da3d1fabbb85b20aff5636cde1f58253bbcf,0.0448%
0x484a7a94b58fc9c099fa89e11221fa57681b3c07,0.0251%
0xa0b9573d5b3a670f41eb5a1920e54b098526b261,0.0496%
0xbe81f6f6a288445cf3e9c47a5aeb3be2778d75fd,0.0194%
0x3e154b0b4c4c5005b6f8a2cef1d9656ea63bafb4,0.0194%
0xd9afaa9b007dfe9c434bebbb3ec7b5a63251a745,0.0194%
0xa27c16e875bb134cc7cfa99ab9721fea0260e533,0.0194%
0x4286535ebe12b0edb4d8e60703dee43e7c7d5226,0.0194%
0xab0f032abed79b4162fd666921ac1f4ce9819375,0.0194%
0xa6c0e4f596a107c2b5e2b1ff010140a808c7134c,0.0194%
0xf50217085d6f3c86561f044e4f48099f6c76ea37,0.0194%
0x036c5563a2bb596fb078bc3451d2e7b4c16bf173,0.0194%
0xf94d066dca0973dbfcf72b3ae9f8f1a729ccca5c,0.0194%
0xbeed8033cb0419da2c1c967fb9a6224edcd2f40e,0.0194%
0xa853c62e91d0222485d76bf38914030413163f05,0.0194%
0x68cb97d0dc74ea3031de8d716cd58f442dab43bc,0.0194%
0x089660aa29cb35ecf750bc6a746f51f03a359504,0.0194%
0x74a711a1256b73b942e28b1c3af5fbe9f6d3de1d,0.0194%
0x11ea9589d8ad2f6d48b340b82148b6d96a6729e9,0.0910%
0x65094c212e41a919babea67973ebc79a27a47f00,0.0194%
0xfa517eb06dfad9ab2ce5bd17a84bd1beb68310fd,0.0194%
0xa951ddfe6154f4cf3a513f31139c3eafa360a7f7,0.0194%
0xada51e6c2e83027105fba4cf3b9b545cb209b5e9,0.0495%
0x84f9bc5c46a797b0886f2822d06f52849017d872,0.0194%
0x960c300b170e6f0460879ea4abf1b27cbe3c2e56,0.0250%
0x53865c4bcbac676c393fbc9512abfae13205321f,0.0250%
0xe02a1638f8fe3308f51511222e078cfe0168a348,0.0682%
0x67c1e37d96d495c7cf9902089205192dacbb54e2,0.0677%
0x6c86c28cdf53ce3436d4ad94b7d820e5aac861f7,0.0446%
0x0b94b5f7310564adfab1b9ba044297d3b9950b86,0.0735%
0x3c9cf14a1c9ffe5977763f868391e4839369d227,0.0399%
0xde145d33eb670684b63a684dc9f7e968dc852d06,0.0551%
0xfd1e0c20755faa30745f1445e3ea186c6fe9541f,0.0551%
0x46bd3a128e68d14a3b3397f9ac6ace872cc5f46b,0.0551%
0xf09939571963a4e515ca5f6af6c4fe90b71eae43,0.0551%
0xeafab401feff6599bed156819b7a28e42455be2b,0.0551%
0x955f7065a027d2167d6ccc97b4b92e303e193276,0.0509%
0xd25138dd5ee31aa239a637ef44b3a754be766acf,0.0550%
0x5971498dde5e6d066249c9327422f014359b2307,0.0433%
0x959e2a4db1fa5d56b810759f2e6d80a01eb9e892,0.1397%
0xb6307fc8d7475c3397feaebe25e17ab269d4545f,0.0549%
0x4f4e6ae73fb2d7b516c6cdc27ade6f4eca8649b5,0.0552%
0x4a8fc34316f869c947e6fea2e634d0c564f22036,0.0352%
0x9168a80af210c511e4be5b32d7de75124d0a4996,0.1677%
0x8d4ba5448af446a5f31a0993bf3073d1b4869f76,0.0352%
0xab19fff8a9ec218bbde3db8bbadee8292897efd9,0.0352%
0x10e4de14fbd0f71665d05336ea9b74b4c59b56b3,0.0678%
0xe7686814e3916aa4a4abc38e3ab1156f722dcd3c,0.0600%
0x759c8aef3a1f2d3edcdd4b1e15a910c496c9eb2a,0.0352%
0xa100b4ac538f548a286da2a3d0cdb2b589767e2d,0.0218%
0xf99bf474151fc2aededbd7b2f3090b0a928e4480,0.0216%
0xd4045bf615fc1f66ad3af11ea14767c9b5cdfde7,0.0216%
0x61c96cec2cda84b4e1c042584e8eaa75bde0c3e5,0.0216%
0x03b65a417c07167fbfd1c55d5871b9f53bcb5239,0.0216%
0x2720daf144c64728c956d5c32952fd33db33f220,0.0190%
0xb582222855b181e2d8d1a700b49ca28c4d8fc0a9,0.0190%
0x3dff083d1b045fa637f114ecb7987a412a573e50,0.1022%
0x6524bf075ca22935eacb4f85a75d7e40873c0fa0,0.0213%
0x723754999055edd043596b6fc0556672b845450f,0.0681%
0x4d6ff9db3dce4326b06193a008bb282e856d9180,0.0955%
0xfa06fdfd096dac3043390955c8c0551ac85bb296,0.0350%
0x10aeb99c8af59b41e66cfb8ae4c7cd4f7136a328,0.0343%
0x8d6c64c838a68ad40cc267619ae01b037dba2849,0.0350%
0xef085367a2a71df4a4eeb962c707c705a15b65f9,0.0571%
0x50c61443cc890e44e79e2f98e3c59938f349d9a5,0.0269%
0x296fe099539ff9d9f336ade92fc11dfe170ad68f,0.0350%
0x2956f8362b84cb5c0b4b8d5c788f50a73646b267,0.0350%
0xe4ebdfe47cb2e1ea29dc6781df32c482fcfb8bf6,0.0350%
0x03bfc6364a0f938e23dbe0c81896ee7ff171d7f1,0.0350%
0xfdd232bb32451d1e91c8bb0503d2664b452baf68,0.0903%
0xb100d3e70f05a0889774fc3465b2adb621b8fd17,0.0822%
0xb056d1d3db184e7370c75394a1a4599e59b0755f,0.0905%
0x635c2c8e76a1b092428acf9d1f59a5b20e3ecfd0,0.0382%
0x881fe1736103d8662a862e52b51a527ab72b5786,0.0382%
0x274c63af43e245cce834dc0ce144fe624994155a,0.0382%
0x7b7bd3f1a4935e69fa6db2ff3775d789b6ff2110,0.0678%
0x759a85a5a8ee5b8b62bb3632817a098aa79cc58d,0.0494%
0xad9ee16bacfb455a0a22818f19cfc61e9dd26979,0.0276%
0x24897ee939047f440be1e285bc00119f72d90dc7,0.0440%
0x119df784874970d2e97a759b05cd2b26aa759f5b,0.0545%
0x0411731be3b7cba409ede437472b75004353d81a,0.0873%
0xcc924d498ae08c844546cfce81556e7c1ff6b525,0.1026%
0x9158a3f8ef9d475786a1f739e2a40bac46d02c86,0.0439%
0x59da758f73d4112367051820cb757fe4c0fbae60,0.0222%
0x8377937187d22da9ba47498cf4c4ca7da3d1533b,0.0220%
0x6688c62ec252777dcf8a850a0c665efa9c81b655,0.0218%
0x950ba11f839aa4599eee5b4d23ffe33c9b77449c,0.0213%
0x35ed39910094a3b189ef5e9fc3351fec75fe4d7a,0.0213%
0xeaaf19b7a04ded0c3d1c036280817cacab987e15,0.0211%
0x53f1e49216e9e6d51b78167eeec407cc62a3ff63,0.0543%
0x08471f1fbd6614254aa360c82d40d49d014710a4,0.0678%
0x38c43905321cf0f7d7c6cda5ce635c62016662e1,0.0335%
0x07e5d991bf31b2b9dbe4a0931140e78b73b3e8eb,0.0675%
0xb2d9608276f98836936619d3eef78f42ed6b252e,0.0836%
0x14c55eb9867e957bed83e1bf663e86060fad604d,0.1682%
0x19b97b896c241fc39852b1bc0ede5364a5b011f7,0.1278%
0xae0ad2947c529560763db15cfc26e02d21cd3353,0.1520%
0x52ce74f87ef0878988f73d46650ce481e14f8903,0.1672%
0xeba30865c3b6f79f9087dc35531de5cf462e375f,0.0719%
0xf980ca86709349d5c1e4ee2a1e8a84c7465456ba,0.0438%
0xbe2f4afa5a21dcae6160783b143c27c4005ec8de,0.0367%
0x6992dd12fd82e7035da8ff5362a8d1c54f979c1d,0.0675%
0xc3d0f19de1cff07ca4a550a9d956d9a8a9afe742,0.0998%
0xa07c878690402114d344a8263949581fe6849f0f,0.1609%
0x65ab4e663ce598ffa5c0ecb2e15b97b57e598830,0.0598%
0x4183c6c949c7fca66b1d351646dbc4824ca278de,0.0425%
0x4c9324acb977ef283a66551806da74e0b8170a29,0.0493%
0x859207d2cbeb6b29d63238729a79523f88d12a0d,0.0845%
0xfb34154a692f6ebacde196f36ca35a8711b2a92a,0.0176%
0x3af99b245330e231ce32c2b22b4ad45bc27e18cb,0.0731%
0xa53ce374860f8134095464e439c9aee2f76dda9a,0.0565%
0x2c3ad451e5e9db4c1c4ef7d0a1cfd35f94dc0445,0.0176%
0x31650ae11e3a6bb1f08d896fa57253a621ca7378,0.1010%
0xbfe658f241e8fb6382dc1310881c7878ae20714a,0.0900%
0xb3421655dcb3512b7c8bb4abbbf2c36765e649cc,0.1664%
0xb0085e89d9ac6156f3603f7b38a53107aa006d9f,0.0175%
0x08e2fa4e992310181cf81fd00dc0e30fc4bd8579,0.0448%
0x304a4519ee3485768bd0ec2435b01b769902d446,0.0425%
0x32f8a0db8074fd54b72f0720b70eacd0aa5e1182,0.0596%
0xc948f617d092e04279d08afecaa598a8e0ed45e0,0.0832%
0xfad36a7d3ef6aa7e9f7ba744e0b476aad504ace5,0.0443%
0x912add4666b4edb0cacd6c6f6f1b66681311c5b4,0.0399%
0x60540071b9d49749993c269cefcc46e1eeb43d8a,0.0934%
0xf378c920b37864c9b1b7b4054b4418781b572f5d,0.0342%
0x7851001f1f6cef495784b8cbb2eaec0859fafbe3,0.0209%
0x35c1e9c7803b47af738f37beada3c7c35eed73d4,0.0342%
0x6cff836559e5af7dca1528dcb23e2692c4094a76,0.1549%
0x5b3870c9668868e42e56f5f2b1e69dc16c93aca0,0.0433%
0x84ab58ca0167ac4f9f3f1be6fa8912e5df500a1a,0.0895%
0x4ea86379a40af9e75eb1c3b863b8d553c02aa8f9,0.0453%
0xbb51b0d51eb889393914485d8aec0fba0e945cf8,0.0453%
0xafa0f969758ddc03b4ad9760c332e725d46e8f57,0.0311%
0x7f76d15c57df1a4a6a9b92a22bcb67b19ec20231,0.0928%
0xdc07abc48fdf7a1ac84db31f8d2f7151c983b984,0.0313%
0xff513d6bdf13eab951ad657be8e9359ae6dcb4fb,0.0612%
0x361b22f5cb8125220aff2a69c098e0b468b1ee07,0.0428%
0x872b6f48f532bb9c46fb686ac2f5cf33ad7aeef8,0.0725%
0xecf369b04224a3df2e69b0f91c1be39f8dd59cc2,0.0226%
0x5486c57efb3233238fb3057b7dd964c33b3be349,0.1008%
0x9399e5dd5d09ea541864305b6ba37f61b4caa394,0.1215%
0xbee0985081e36a4149496fea65dc66d9e8c48a30,0.0453%
0xd9752c631ead145227b4ebe67b53073d5cffe2d1,0.0433%
0xf50366cb201fe4fffe135a06fbde8011148b7b8f,0.0486%
0x2cf327ec20286c4598493686fa701a6b3e8eb9a2,0.0601%
0xb6d392dcfcd3e0e2e3975c76c8a8541ea544d2a0,0.0329%
0xf3eab2365c8689d7d429e9cf03c78b29f07907b1,0.1233%
0x98ce58c8d9af9e202fa227e628a8841a9cc6c811,0.0206%
0x35f6fbdb0d688c71f0fbd250132f31e55c7bcc78,0.0206%
0xb523a4c1f751ebbf2735a0335ebf501a6c7fa86b,0.0646%
0xab0cb39f1459b71fb92a52a65c30b215390d3a2e,0.1672%
0x1f9c4704b6964ff3eeb913b07f5511e6c5ba33f9,0.0957%
0xe6bc95f98e954bd84ae3af14ca1a8f4509e4a764,0.0817%
0x099b56fd9c438b4113762101ebb4010d7da1e01c,0.0668%
0x7c8c264ba6bc577cf88c0fe051c07c7c12f0b552,0.0205%
0x3fe44a68aad639444a3a57eace30f33ac54753d6,0.0872%
0x823ceb716347ff3ed8f1a7df1df815d0238d9587,0.0484%
0xba153c276c67a18e997b70adb73db1113a68e235,0.0257%
0xcde3179feba540946d5c1e50a15de2848643b3d0,0.1323%
0xafcae1dc3d88bcf6a0fd7b57e8c10c3eefe001e5,0.0222%
0x1a6f342e7a0cd2a0ffbf044d7bcfbd8e0306b8b8,0.0607%
0x1c5f31d2571260047fc0bceafa8aabc1cebecfa0,0.0553%
0x9079d6ade38fb49842a2ec91e85ed7deb66347b7,0.0601%
0xcdea53d199a59c59068a90e4240de1adf0b2fa2d,0.0257%
0x9a016fc1731031127cd2993ea92a9bd1a5148326,0.0313%
0x2e1489558202d995a38fa3a6e7fea94b074a8909,0.0442%
0xb637c1c342769a201d79da02e0b64fd2c6caff1b,0.0442%
0x5bd7fae635a63927089b1759d1b26330ba85b037,0.0616%
0xc141570a41e30be0a4f73c9253b255cb3e7915aa,0.0370%
0x8b5e5de57421fa66837f80942ab765b1a3852fa9,0.0370%
0x1c3cdd7881607ca4f895c55948c2390d1b7f22ed,0.0164%
0x7c2b85ec3c1012ac3139d437c5cc7ae0f64f1769,0.0817%
0xebbac04267fc6355883bb0e445a6e7465ef3bfc2,0.0840%
0x95951884e063e07230853ceef93c9687d712862c,0.0376%
0x5d908f6d32dac36d6eeaed9cc6b9bfb987b263a3,0.0376%
0xd2930caf49da918138ecb118f88fdfe6d8fbe59c,0.0430%
0x335fa60b7085dccaf9e1c35ac2c1a2a256abda3d,0.1079%
0x7b388e074b1418e2473bd5a7c84f29b1a4452cc1,0.0500%
0x390d727c1fa341f9933bb795e89a9d0376811842,0.1514%
0xd25759687d1c2303321768d0696442befa9d5a6b,0.0440%
0x5488481940f93b28b84965b8f65b4cfcce43d2d1,0.1660%
0x5eaa8a662b3f17e5b51d1c8d7a71c76e5c2ec069,0.0102%
0x6e22fe79f984609c09f11f41255510e7c13bc6e0,0.0782%
0xa8c8c83cb890913361d6350e368545a6554289b3,0.0417%
0x29d01133428c64a39aadfeb323983778d6f3fce3,0.0554%
0x98e3f2731f63eb115cfefc2a9ff2d5ca5a55f92a,0.0725%
0x4049cebfc5c545fc130d12ed20c8fe3c1bef7b27,0.0330%
0xce603e5eeee3195fd6773fb02bf97bc4e43649aa,0.0156%
0x312a70da2710e09cb9fcbb03c0748d0e5bf08571,0.1815%
0x99e9091732f8c5abf42f5133b99e4fd51963932f,0.0485%
0x7803f2847bb400365b9d82ce26261433f5aaa33d,0.0427%
0x8ca680d66727fe6cedd9ab989c32e1f0b49df8dc,0.1261%
0x8f07c103fd9720d9a5fb5870556aa3d38a203cf2,0.0325%
0x1cee25c3d705a9772d66cbf6b92ae5d34880489a,0.0531%
0x920c6334b42c38649cbb17d432ac858429c8794e,0.0480%
0x54d0504805494d7a021b696b4f7e138f7dec679e,0.0476%
0x7351843e85d96e42b07cc3a9a1dfc6ef0640ae39,0.0475%
0x81ca94e6bcff5e114e803b103a7f7786b24109cd,0.0476%
0x1573d87adcf270ca07c4d6800d2910d6caaae9ea,0.0865%
0x99ebce76d7fce24978926e281aaf417f346ab0de,0.0662%
0xbdbbabb65e6f8bad96a7e76a9f643ec7f8c483a5,0.0475%
0x8a9d742906486853923eda644893da11198ec7f4,0.0475%
0xf3c3f9f60bd25144738be81da0d8ec709d6c997c,0.0548%
0x5357e4671eaa4a7367921efc8eb60d56d3650ad5,0.1373%
0x71dc4e763daad3386c1a1428ae34f488fcb8d67b,0.1509%
0x97cec2e3f47ac5f5a83444226136ff33571a4f8c,0.0724%
0xeac8a349d0b56797c1e5b2517c9c660a140f07f3,0.1399%
0x0c36effd8216d6ce59b982f4855332d018d33554,0.1318%
0xe72525c65bab8235ec78b74e11d5b8faa516d056,0.0663%
0x18ba76af78fd1fc869beabb4b425ef8efd0b2d33,0.0531%
0x7ebd14088422d260a45cc439f875aa2cc1fbdaa5,0.0971%
0xef2a1ebd7c6e90cf97132c232f9106739f73d4c0,0.0971%
0x359e715d65e807ef1ff84e0818c83fc0ac49a8b3,0.0971%
0x7264378ad5f82fef077beaf55592fc2bd36f9658,0.0552%
0xaed539036e6d42c3b678afb12d22f4dffa947338,0.0973%
0xf892fe52fffc437c734f3c2df929e53d985d4e66,0.0481%
0x3dbb9b947f262f226597e08ee3b45d5ece8eda2b,0.0428%
0xb18aa9f5f4d1f85418ee2460d076cb89854b2628,0.0600%
0xb9be40bdec31ec3935830acc8bcaad1a431f8bb0,0.1320%
0x1821ffca9e117de704d285155470b948192d5382,0.0530%
0x40d846662fa9a78efdaf648068d6b65740a15a0c,0.0972%
0x4f5f9db14e195484cf7790fd3946cf6e66a166b0,0.1339%
0xbe617a2f5831c23de8b139b29802818334f25b9d,0.0478%
0x2302624d65652a652a4de42b3dd50d89f53440a2,0.0478%
0x8fae6542f4250383205d4b46a934bb2597c0a807,0.0478%
0xb3bcfa81fb3e195e93d832f3b2cc08eaae901704,0.0436%
0xe63f9ec36d2e955a5a5d454a4345a8fda5579121,0.0326%
0xc7f8e871dc21b6266575038357d7d8b6f7d30e78,0.0698%
0x26ec533c36f976189268d9ff7df42eb7f359d0af,0.0537%
0x21870f819b873b2f7e424aaf84effe49fc9e0012,0.1567%
0x021e1a45f8ccf57bedb37702f87f3991e718acc7,0.0719%
0xd0bb078f8a36f916c755e393561d299037b4327f,0.0885%
0xa79333abe0456d09683a905e93b9ef526684fefd,0.0492%
0xfc361a85550af385af66416317b4ee44e4ea2070,0.0551%
0x2c9bfaba04846bb016c62f5103f6a89ed9ecd860,0.1548%
0x0f9ceecc96959d7f8fd14d5f80b676a5bc40396b,0.0491%
0x2f06ddc60fb03acbaab51b955cca730667d62fdd,0.0830%
0x9edc0d4bf1a01d5184275eac463f4cc89e637dcd,0.0261%
0xa938a76b0c357f0c839910fb5291e3696b940b25,0.0377%
0x075789101a69c64e394158df85a498ea8c4189b2,0.0553%
0x74b6d6d3cafa4b0f7dc30d9eed10fb4f09dd3e88,0.1165%
0x8d72b8a97b778499f7c3235d7d3819bbe959f10c,0.0376%
0xdb4a1463014116628ffa8a41ac7ac68c1a2126d6,0.1651%
0xa510964ec861908ad2e261d3f3b669c62ea5c64b,0.1505%
0x25a63fb522dd67f4ff63f6b4a9c97190f5dfc81c,0.0303%
0x53ce838d63763cf6272b22ebb8c56feff775d983,0.0524%
0xa83a5a1167d089cea7df08f3c46d80e0294735a5,0.0470%
0x225e196a38c4d1bcccdfb613817bcbd7d7e6ce4f,0.0543%
0xa0f63b3ffdfc399f138e846268a9f144a076251b,0.0715%
0x3911adbfc872790d61c94189a67a3b4bacaafbfc,0.0194%
0x4ba45a5b847f1daee37c57268695348929bb69e6,0.0469%
0x3511cfa84898b40b2d6750e00382da97b9ad33d3,0.0579%
0xeb2d59b3eb7eb06b26c3cd63bfceeabdf7df56f3,0.0524%
0xd2baf87326324150dda3de58cfd44b844c5fc027,0.0424%
0x7e868c8f0e158e5b214aae2d46b74ee67f59bc29,0.0599%
0xed1080a62c96130868ba8901d2ca783fd034b0a5,0.0411%
0x25f891659d849d54a5c5cfccbbaf94792b210d7a,0.0373%
0xcf6836a3d0107365c4ea593b1b3596b6c6c0f36c,0.0712%
0x45c5e241124f81622629811dc92658f90654f414,0.0350%
0x65355f048aef9a2c987934e2fad32ce89217ee97,0.0547%
0x76cd1dd03fbdf28e79ba7ffa616ef2bfaa43626a,0.1001%
0x6278314db6827ecd909bf8cbea363a2d1df66914,0.0542%
0xb4968cc694a0cd5d383859fab5ea2cb7143f4089,0.0657%
0xa3c0515a4384edf16f11ae5e64d7f086a142e2c9,0.0938%
0xf600db0e219f2527d73bd8ba51ad8dfd7c5334ef,0.0422%
0x330088cc40d2099e834674eac709090b48111803,0.0913%
0x3a68e7285857030c7bac691e18cb3dcfb7ab5031,0.0315%
0xa388c4537d8baf529d5759671a423a5d64b9f6af,0.0543%
0x464786fbde6c6cfb8ebc4bf3af4a1f1abc3033a1,0.0243%
0x5f98957cd90397f10a22bd663ba6c0befed25ecc,0.0370%
0x169caff248aca8f56b1bcfbea66025324cc29283,0.0148%
0x7a835c5acaa429ab99d8c3f88caf9959e75f7ab6,0.0940%
0x5a69209542697fd0f5fc00e198fb092797bbdba4,0.1652%
0xf39398ec5385221fbab725f766baedcb69684d3f,0.0576%
0xefcb92dea62e3802e1620112ce536c81389172c7,0.0767%
0xbd9847f56664955f291f32e895bc04c87a814cbc,0.0579%
0xb4f86d2ff7f093081b5aa2e300990c464a5a8815,0.1018%
0x82a8120ddaa049d8dd4eed3ca96afa1b91db8042,0.0604%
0xdecaa1d0eaa8c405766267736fcec49e05825048,0.1365%
0xdaeddbb6fe764a08aac9cbf544c0a4dae5d1da61,0.1448%
0x3629b8c695f630879e6a6bd0136c2bb657613be3,0.0769%
0x3318b8a2986676de36e1f2d1b9fc498b2df0bd13,0.1166%
0x8a3f6961f4894e41e37a27a4d9a2d3b73fac0cf5,0.1558%
0x2c5366dd1287c3f1cb96ad3485bdc6914c40183e,0.0960%
0xc3ea4b7c17ebe71597cc258c070f037849995db3,0.0960%
0x48844957c812efb3c3cec316ab6389d689ef8a55,0.1479%
0xf763c6bada0c0a3c368074103ee63138241d6110,0.0142%
0x84e587cb212a8e86e5a335aef4d9001bde964453,0.0429%
0xf15ca4680c2079d08310a118c5f18da7e8dc0b78,0.0594%
0xc2e75b92508016ab8b4b52f2b0634ba5f15274e9,0.0410%
0x37f6f2706f6f6df5ef06f9663006167fb3c3c757,0.0579%
0xb0aca5c69ca0054f92ef49e89b4ed590391796b6,0.1444%
0xe6590d8a376814d64af27ce4edc6470fab4bd552,0.1327%
0x32a1f6a79584ce2d39cd1e03320372d8e17fcbd2,0.0878%
0x020e1c3d5a0cfe235acc53ccbca2ea53d5964cb1,0.1252%
0x7177ef864865ba118c1c7a938496c2f5c5a3a76b,0.0464%
0x6d57e82bbbb8175c42799aef28987edfafa322f2,0.0485%
0x5df7c3e45b2486412c9b8acad6e01aeb62b4a225,0.0469%
0x18bd737b29d68dd1062fe400710d8a8ca5a449ff,0.0655%
0x6d60200794298b98324dd38d15e9710dc5b04c89,0.1206%
0xdc31ef5bfa3d50501d6e4b43b3ede2d3642212fd,0.0318%
0x9f40630fd0775601525984fb1fd7ef1d95c90663,0.0593%
0x4698d3f8da6b0a6f2d9042056b317018c6b2ba01,0.0573%
0x2a4bfdc4a2afb69b7a08d6e55ad3de46d9c464dc,0.0463%
0x317f7aa365570f3105a6725ffb647069507f6408,0.1308%
0x0c6293473e571954444f0b248ca75cf48e60c13c,0.0706%
0x3499ded79ef4285dbdb5232d24106087d383732c,0.0990%
0x87f1e7aa481225f99939d922c6c83572f5c5d693,0.0966%
0xfb242889089cdd6f4c006ad838d18c27b4b97ca0,0.0879%
0x2621848a0890fe6473063e2f9f5597786fa28c91,0.1305%
0x81174b776f7e676f22bcffe27197be4b02c0fd11,0.0910%
0xd070edef4e2a3b3ea5037bc234c9e2111b84aaab,0.1606%
0xbe3501a373e14fd2162f048c1994ee45c73996e0,0.0571%
0x898cfe7b81759c43ffb48a07edc0f4d153cc52bf,0.0427%
0x747c09186192466e2dc1f482786af2018d556050,0.0190%
0x9df10b406fbf03be9b4a33bfa12250baee745249,0.0467%
0x058d83fc1b71d19046b7164b3d751e61c89cbb65,0.0591%
0x7816bf59065ec04991860515cde34d62967703c3,0.0467%
0xba17e7e887d4943636b3ef14b434e6f81ebae8a6,0.0538%
0x4cfa019373bdba3bfa491129038bb08de19fc61f,0.0652%
0x44924ba1f5fe82268edc9cca1f986cf8e400b403,0.0590%
0xe21c2081b6b23c4b00496fa19457b9d53e345e7c,0.0968%
0x1e2974c116e3b1e67d60f78dc94a0be3c4cb1edb,0.0738%
0x65ddc8565960343d8a32b4346da04da91cca1a44,0.0400%
0xedd914bd0208d521c85ce603e4d401bf4e888785,0.0301%
0xb6451ae5119b35001390ee8e341bcb29bc038be1,0.0625%
0x04b6ea5a19b8945eddc4a141408ec34c2a55a34e,0.1496%
0x08f73cf6196a85c4017125e0f3f6a52ebfcfefce,0.0537%
0x7c089b41eeadff9b3d89fb76ef87155112e3f1ca,0.0991%
0x69d7c92cb74871504260f3e1716d78854cf03be1,0.0594%
0xfbb710730ac2b52a4d31a0921215aa07e6655d67,0.0238%
0xd6f0be60c72daa3706f1f369c59b08e347f5ef87,0.0536%
0x2061c5043115a58a1eaae3fe51bccb1f5235a3da,0.0744%
0x2fdb61537430a5682a4036f5105cd926172f3842,0.0588%
0x5ff503bbf4fea6d4fdeeb50ca5198a40286642c1,0.0540%
0x8f4a2d5a199e1722d226c17aff244acba3dadd3a,0.0419%
0x55cb0aa9db8614a5799650f028c0bf6224e297c3,0.0185%
0xec6d3f350bcdce0f451d52e69f61bf3630240b66,0.0185%
0xd9977af42cfc536b18a58c812f667528ed1cb62a,0.0984%
0x24195b69aa2ef9fd4096c32827ded6454599dd38,0.0587%
0xba47deaf4bc924ff1a62b381c416647864c37640,0.0764%
0xff43cb30cfc181251fe20ea0f2284bb8b4248769,0.0760%
0xd24ba891f6fbb60acc0cfc87d5f9500a3e22d712,0.0692%
0x8d0b7814adde1315a9829d83083a4675bbeb68c2,0.0759%
0xbd29b19633782e1138e749fc2d43d29d3be8f931,0.0589%
0xe25bb93be2ff34b2176ecd7c85197164cf14f6a0,0.0240%
0x568f0d529854265d851276d2466d384ffc2f83df,0.0568%
0x5008b540fd84bbc8c8a47643ca0841ac7b4c4a79,0.1211%
0xea8fd9cf879cbba20c135b26950b9045b4bfdb53,0.0915%
0x2ff5e61e40dee544c6f510a9928fb657c88c8516,0.1270%
0xce4b4f0ccc77a6b4942b4000bbf9bc46bc04f550,0.0452%
0x68d86a8fa41280d1edda1f5ca50c8245af677f15,0.0703%
0x58a6d81a16809ed5e34e4ea530ee7cfdf96c0734,0.0984%
0x5b12a2aedbfae2df139f66b4bc141e95f3fb0a10,0.0814%
0x08241ffc41e5c2a5b06ccd0b1e357e6d2d4b4f67,0.0239%
0x446729a33babfaffb61c54a180fc6e08be7e03d9,0.0699%
0xbae38a2683e75bf2ac6f7f278e09ba62f0f0bac0,0.0677%
0xe76f1230c61160206306cb55e524d5843bad697a,0.1208%
0x39919b5a58136c28688edb9e1c7ad1c0e74e58b2,0.0586%
0xc966d68bd9d207e6379d19e9df260e1fa5ea3f65,0.0760%
0x6c2b0dcaf53f18db5399601cf2d009c02a562968,0.0363%
0x880827413427c0c920bf4ed403f52c14aee571a7,0.0475%
0xc6c6becdccd7f29d5d7f29fd0c89968195210291,0.0624%
0xae6040b92125828e32fc9cb3957829067c373748,0.0734%
0xa4eef7bac4d6a3c196c82a237a5e106b87ac1288,0.0181%
0xcb6bd26fd8cd05d1b45ca78a683bde798fbb6176,0.0181%
0xc9ce0d7c687748629811f4b64e809d6f903020e7,0.0181%
0xc02b9d6c5b1301a71288737841a908c1cae452bb,0.0620%
0xdf283828ebbc948815122f1ac765521cd9d5ded3,0.0519%
0x8b30badf5cd3d04b5bce33fcd6db887450062cce,0.0171%
0x6f3fc3a0b05e55ea47877badbb804b0646bd62e1,0.0180%
0x3b60e6a4c40615194e6bf2b1f3220fcb910e0516,0.0850%
0x0e252087a0cbba0ac271d087339676a51c0c4718,0.0623%
0x06828a853f600adc51696d6366352dc84763f680,0.0236%
0xaa1bd73a71909b3479577f85cb09ceeed291ab76,0.0461%
0x7b575e9476dac3642c5486d0899cecd28d9051d8,0.1378%
0x0eb0ddfb4350bae7435acd27504926204235a9de,0.0644%
0xe5cbbf8b1494da23cd2dc9b56c24bd8f8ba25091,0.0981%
0x7f105b8bae560759944b4a811e6d7975506fecf2,0.0813%
0x3eb2efe514d73f9ce521e65e1466c9374736016d,0.0704%
0x86f6ed71b191b77b52dbf24398eb2c235cd30774,0.0698%
0x2dcee554314d55cd93e7a9cdb22d07c0a51b4288,0.1320%
0xb16ae0f7dc34f59e9027701fb3a86fa2ff7cb720,0.0646%
0x837580aa2f28974f8801d3038abb3d63e54c4043,0.1546%
0xe0545f2fa87a91c78eeb5819f25fe9e909015cd5,0.0178%
0x6ddbef92f90c6c7002492782ad471b7622fe3011,0.0395%
0x660fd10cf77b1343410a1778e0effef73d09cbb3,0.0290%
0x409a96b966e0af4b9f6bbb4e3fd0d667fefc3482,0.0620%
0x54fe8f873a7e3069f80363c5f54d119589ccd969,0.0283%
0x4c13c1fa5fad8a29ab7a93bb2837e49fab5ab9ae,0.0233%
0x738f0cee2e160178cd61c1792adcfdb8de10e6de,0.0702%
0x695c2f98bf24ae4a25f599492ad4333bff3ab20e,0.0643%
0xb3c42a035c883b588f7b8cf2d4f3f5390cd4c76d,0.1253%
0xb3d17feb2e484311c1f5e1e6f44098ac84bfd03f,0.0986%
0xa5e6b798ed48c6e7b5b13eadbd6314c639e27253,0.1593%
0x0fed91a2e5304ddc6201fefd756335195e97410c,0.1374%
0x70b2ee03ed78855c612f9ca0bed658aa740d24c1,0.0957%
0xead374c34fabff814beb1817dd95f132a715a71c,0.0961%
0x4f28e484b5da61b05d1be30dea0dbbc594155a9c,0.1153%
0xc1244b5b95662930382e48cbde32a2e3ffbfb442,0.1275%
0x4b742b8ca35d3f73222af21decdfb6c5e11336f5,0.1295%
0xe2d64df8cff06f20e66d685d814cd85414f32e73,0.0471%
0x1e9283a703354ea81357095495c24285810fbce7,0.1150%
0xc9d15f4e6f1b37cbf0e8068ff84b5282edef9707,0.1490%
0xcbe71105fa6f26861e03058f30ae098639cc0252,0.0843%
0xcb4bee7bf61668498c99ae7252c48114d2480a56,0.0230%
0x7f4358977d80fb5f0d7c86e7cd2ceda812f85b13,0.0230%
0x8066175fd205c9cba5e5a63ff0b592ca595006d4,0.0980%
0x61dcd613bd17a350bc9a39b8f582c27da0e914c9,0.0752%
0x964c3f58b765002df7efc92dde45fd966944669a,0.0641%
0x64019c64d22535115fb308f6f367958bfa0d146b,0.1300%
0x46e7bf57e1a305114a494b6a993e3312f90f656c,0.0391%
0xb5d85470f404c6e1215cf021810b37941f586967,0.0391%
0xee902fc0f07422835bcd955669f0c09b6793cfba,0.0391%
0x17e32bd75492daa3e010b1399adaa45395b70217,0.0391%
0x9d7752e5f3de24e5eb4cc4a8f66b093cee3bfb78,0.0356%
0x04d3327b94c9de9bd75f686bce3876e6c2c5a347,0.0390%
0xefd6e692084e7eacb86fcd7f5f4f23f250bd0316,0.0277%
0x599676da364846c1b3a160b366aaabdd4bdaae3e,0.0391%
0xf411f0b541c88eccd21d7f8e6a80df8cc7fae20d,0.0277%
0xaf9e121d7d6185d748fcf361f20bf22fdd2f9c1a,0.0615%
0xa27497315553eb215a13bb7c49000366bc067337,0.1376%
0x3511d7ea1878e19a15ad86b93cefb8bd57bfde98,0.0694%
0xed6208d73f99d423355b85067f8c4ddc6a78c0d1,0.1149%
0x01af3f7365c0e0ad5911a4268c5598335eecb15a,0.0813%
0xec92d069f6ac7321c343d2bf64c53530f9270048,0.0694%
0xb32cf4ff411478147b682f89adb1e8b09885ab48,0.0694%
0x975242f96de66b84ea6111fb04da1bf073ab6cb3,0.0694%
0x96e86cc971f35c942474183c157421192d742578,0.0283%
0xc94cfcb1f46092574e973d89bc3d60eacedbc287,0.1375%
0xe8495427b33fb5b85ff48147396ba8ecc0f72c22,0.0227%
0x6a66404dc20ad33cdabd88dc3cbf6f641c3aff04,0.0530%
0x84dcb068ee96c3a7adcfa2e11be8b3a002c66ae7,0.0529%
0x02f50654248c2e8168be7df98a63b58ecc26e236,0.0669%
0x65a3e526a42118c29c90ab74aeae3f5b2a261182,0.1544%
0x12a9553d98f8e6172eb98028ec30a4f8eb7c7682,0.0529%
0x49b14190107247c50d752f7c7697607735d89c5c,0.1145%
0x80dd670efd90bff2110c9ad738b1153f887f81bd,0.0472%
0x354fc0bf2c136861d5d7377c4e7c5fbf506055c9,0.0282%
0xf40d3d7baa015d11827928761f19311625808153,0.0282%
0xea83479460ec3f83dc6ded5391b7a8021f8dfb4e,0.0282%
0x6ac7347ff02ccdc2b8d6f596312cf25ca9bf5449,0.0282%
0x2d351b3e7744d72660a77301cfbe71d9e4fa5044,0.0852%
0xe04df05ab78601227ec252cef454eb682b632450,0.0639%
0xe53fefbd1ca8723490023cbaf6b13ed38dae5d95,0.0692%
0xe1902d8db981486243a4531948ca863b3a6017b0,0.0987%
0x098915e7f9a03d9d452a642f33a650430ae18c79,0.1203%
0x3798bcf1fe58fee9c50aef16ee209628f3120fad,0.0451%
0x6b2ae063fa2381927baa2ad1747ac8695770398d,0.0865%
0xaccdc85646236867aedc426909a696a7bbd0ddb5,0.0472%
0x2edb81e11ebeb87d7e6623f931cd5bca31c5221a,0.0472%
0x08f0acbf4c1b2d4b15fd9b45120cafc50bbc3e78,0.1485%
0xeb45ed2c253c3d34c9b3b56c336a4e7d34b463d8,0.0471%
0x6461b1e4012d060b15b143e963d0f1d7b45a47f2,0.0472%
0xf72efab3368bc492c8d92471dfb01d6a1af1b41f,0.0523%
0x18a428ce0c31584a21cf8cefdb8849d8013e1994,0.1637%
0xfa6acdf95eab0b5fb855a28ccd351694181d12df,0.0694%
0x3627381acc91557a157956a58067b82270d118a0,0.1429%
0x37c1322d68734d011adeace6ad39610cc231bc86,0.0837%
0x118a93b07f0ef431bc134cc64e394609f2a3b3c4,0.0387%
0x18b4318daec8c90a3f3912c8cc561f7aede15d1a,0.0923%
0x72b6ab701cdf16fe01fd1b4cf87409dfec80d3a7,0.0980%
0xd79773abbed3139590b6aeee3dd2e3d2ad1938d7,0.0752%
0x0f636e26f979b48045a54bdb4f00e8cadded21d2,0.0242%
0x53fd371a94f40cb9ac323bcef35f7352fa05f602,0.0636%
0x85e5ec20502f8aba5a949451dcc83e9d2a337e34,0.0837%
0xfd3e16318afa7f5ab2797d47c79d55edf89295ac,0.0807%
0xf93040802dd6858fc8999d5d27b2bea891a763bd,0.0674%
0x6d24ee55cd05040cf3a2a01844a9490413145311,0.0469%
0x08f05f036e7a59514c566d7cadf63d325e024a84,0.0392%
0x80fbbb4e06ccc4ee48d56d38be2dd0b8dcf43e95,0.0639%
0xd4a926b2a6028eee450bf2e73c18396080b380f7,0.0809%
0xd31e42f4908043c09458147281c628b68f15ed0e,0.0448%
0x39a98d633c2ba0fd3163313390f88b66f048ab1d,0.0975%
0xd645da627d8ea634e5cd4f7e5b522ea07478ecb3,0.1430%
0x77152933ce751c2d7d05d7fb2a6937122e463dd6,0.0388%
0xa43bf99cf3367cb68eb5215d414e57fb2b020c87,0.0692%
0x41967b51af762dfa57f07c57dbd2c8aeb20d37aa,0.0748%
0x43e3434e0abd5651997089a6f70f9bd9730e7af6,0.0810%
0x38ab8be63eb6513eb48786cc7599e074a621e124,0.0878%
0xc30bd1d3f61f9ea8cc5b0bc10fedba49e5e11c64,0.0499%
0xb8fc65f0ce4e983f780c528ea99129d0f4e66709,0.0925%
0x5d1210c161a8f7d7195e35a6e9a7dec0fb03b6ea,0.0469%
0x5a629ef98fda7d31de2efa3a2b6780465c2a0d06,0.0956%
0x56dc91b674a31124a6c6beac1fd6a4a70008dfe5,0.0672%
0xeed2677cbb3f1338125df4f6778401a514f8f679,0.0239%
0x65f47306937c98ff0d692d785120d5bbd98a4331,0.0672%
0x440bf102cb9331c16ad59b8d9d74f85c76f8269c,0.0502%
0x9af5f64903f04c92a475316d50a63c8a7b51919b,0.0240%
0xa3ab7d05f69047dd9a47f489a9a88b4d5c90b703,0.0387%
0xcc9672c91bc34ff7576876348545b2f9156e4c22,0.0523%
0x6adb3754ab61585e5297ca0ce4560554287ffa5a,0.0525%
0xf9ebfe2b0c205c437214a714a28903859349cede,0.0750%
0x96e1991ebd4b08975cbdca89d09fe7b677af407b,0.0636%
0x130f5c51c9f2bcfec0c977cfcac890c82b357af6,0.0614%
0xc59a4c281ea20e55df7d7d340ebd1e92932f5856,0.0834%
0x1eb6cc125630d7ea4434d919162f404f36943c31,0.0670%
0x9b1032a0ce7265ff2b490348452beb53f3892674,0.0670%
0x5f730864a67f46af682956b8bb582fcff1d1f1fd,0.0446%
0x03ff0ca69f53dd4b5b54b58ae3d05cc821ad5933,0.0411%
0xeb8d09b66b20e07027d5786a0b014a304120b99e,0.0581%
0x138fd85530f45287b36f9ac51e784a65440fd888,0.0240%
0x98af15949120b09b7419c3097402423ea373f604,0.0525%
0x0fcbdaff6fdcfe83e4cd6ef43a3c04e3fea0508b,0.0613%
0x70dd79666de688bd90097d281912aa72cffe506a,0.0613%
0x52b6814db4a403bf56d2dae4861303fb5d44ad1b,0.0500%
0xc7e27af1139bbc9c690ba83d90912048ea065a36,0.1203%
0x8bed476468be8f421c39a6fd21fca94187bfd670,0.1480%
0xa059f2c66e7a4464ffdb8906d0db5a30c6dca03e,0.0387%
0xd955b35d28303a948c231e2805b6aeadbb423fdf,0.0327%
0x1351e3538b6ad33aeec78e7b3715ea87f26b59d2,0.0327%
0xac3a22c6e0a0883e0dfc2b2f16b52c61ec0173d0,0.0443%
0x20e5daf4f2be5ce1319e4e1e29ac8f4cc7b4d35c,0.0218%
0xe3c862213b5a46dd3e6b74725780258a6845ad60,0.0636%
0xbd4d9e279eabe2d5635058c9ccf1a8ceb5b002d2,0.1031%
0xfc5fc50fb7abf6c54dbcc127f5f08f34b340dc7e,0.0556%
0x00bd42f0ce1f2b9be6f6a40a569710c209077a4a,0.0973%
0xaaefa1f5a034f0dcddaa265a115f96f62f81bedc,0.1655%
0x9b55205b45344a270137047befeadde6167aae91,0.0499%
0xd40bfcce7b53bcf4fa91c03b7b1add7f1984ccf7,0.0495%
0x30a9e2d874283b9f370747dd1128dc9a549e90ea,0.0519%
0xe03a08802b7f9f508458564c136285cc5372c317,0.0633%
0x2c2ea7651fd8060122517ccff19905c27ecb3865,0.0690%
0x42ef3aaa63b47e406a26a0351c933b6025d7f6de,0.1626%
0x8870cafacd718ea20d53deb9fec8694f38185cdc,0.0326%
0x9637a9f084547892fa198703db7ce8f67680c651,0.0748%
0x225a0779f0eb7d91b9dcb3b3bfe6432289274160,0.1553%
0xf47cd6af843fd5ac0b342fc296c26a00dc173470,0.1483%
0x114592b499967d7e1f0b7b8150b2927fa7e3024d,0.0746%
0xfbada7b9f5470994e8975cd9cfef4ea3809f13ed,0.1083%
0xbae4f1709df901c8f44055169fa216a10abfde67,0.0637%
0x2b1c729e79e76476970f0aff8bc9b4258a513f72,0.0915%
0x0df506a50efd7880aaa69238af93195c4835105d,0.1369%
0x040bf6779c6ce79f74c564e74397e0be247afa8c,0.0691%
0x15614e650c84fc43c41cf144fefe927e2c587070,0.0268%
0x985382084419d84a0324f5825c64d919fed1ccd8,0.0750%
0x0c8c1fa0ccaa418955c3a98de004d6d9a88e8983,0.0690%
0x0b95f218d9032ebcb9ea928c7621e2ec7d19e390,0.0690%
0xf4f952f68e8791e04f3824f13c90faddf7db538a,0.1199%
0xc3be31e84744173efce31e29074a93dbee8dad62,0.0635%
0x80303279091a0ccccfba5250cc5d6331ea5baf3e,0.0268%
0x1f0695a484d2431d9b87147cd23610efa3eff6eb,0.0293%
0x1207ade26594790d3cceca16725ffa7eaa34c703,0.0268%
0x689355079f5ef281d7b421d094c40ab244d987c8,0.0970%
0xe6348e38c83aa95e3a0ce8dc3738d8a62c778dac,0.0663%
0xa362dc8afae81cd018f17c762ef0f7663fb55033,0.0466%
0xbe9db46779ae169a87bd2de8776ef17b030f7209,0.0466%
0xea23e7547a96a199e56b46b2a74166ecc5584a71,0.0663%
0xe0da7ecea985e0ae5766e0db9a48df6467249ee1,0.0663%
0x0d634d06585e17e8bbf9457584997a218ead3d8f,0.0663%
0x9bb6b9a5137a9ffce513e4264594f32a2669ad63,0.0663%
0x0c8a03f1446e4f998532c4f8b6cb817b85ceae0e,0.0663%
0x21bdc2aaa5274631fe6d23a9b9c179a4bf3d202c,0.0158%
0x9fc7d5c94109692d7f994afcf5419b6b9a301e2e,0.0522%
0x8c0e5691d9c64ed5afa16a522938a4ce21a5b8cf,0.0663%
0xe78108ce082b5d41d5da477e05401d26f2d721c5,0.0663%
0x2debd022d1911dfef572eb92b45057c39b118b0a,0.0663%
0xaf5de4777c33ae69505fd190d6eb26f78b5d51b7,0.1286%
0x5354f4cb79e63068df70d011e4b3f49fa1a29d85,0.0552%
0x42346678db8af1aea362a80ce1e26ba6ea1b51bc,0.0861%
0x8d3dc6db095d30bc35faaf11199ba64799059b40,0.0665%
0x563aa626ab1caf0db76e998aa720591839e46705,0.0777%
0xb617a17c4b3bcac1a4475a5fb7c84ac09c1c9213,0.0519%
0x2de3a37291557ff6494fbe8a83854139344efe91,0.0212%
0xf546a04c3727afbf949b8d4c063face2baf80f3f,0.0692%
0xde23051d8b2a1f451082620add810177fb2e01a9,0.0351%
0x69c7fcba9447cb70268143d3a6b17fc8c604dffc,0.1141%
0x7735fc46f1ba8b552183f3116d29fa406af3b639,0.0520%
0xdfa4c00a4d91335c920428027704bdc2362a2679,0.0213%
0x1ed7731c9e34e50a553362d34367e8a7cacc0279,0.0213%
0xac85d29e78be4fa614f50b67cde33b221ff916b2,0.0968%
0x1f3464c3a89bc0ec828302b38e982bc566972d8d,0.0578%
0x8096de9d6d200ae83828f7fb402bc9bd8f6ce1ff,0.1142%
0x9c6ba8f196c5b009f724e660aa4a5e4d0ffcd9fd,0.0382%
0x5906b3af789664fb199a08b16b413f2adc215846,0.0465%
0x90376fa3db2a7a0aea8a23d1131f722364e97aa6,0.0382%
0x4997837b90e0080a274ed2fb66810b2f9b556f09,0.0689%
0xb038995fef0fe81621ea9c146702a7dc339b2389,0.0382%
0xe9123477ac0605c927f5a0265a53ad3c13789546,0.0382%
0x214ced452c74e509c8a84401f6aeb540b2659964,0.0382%
0xede2a821dc49a123e1da26f99b0d48f496041f2e,0.0382%
0x1c90d4ec03668cedfdf8c789b2f06ae85b3d3697,0.0382%
0x506e2fdce0f16905908982cda526ea5e6384d05e,0.0969%
0x819e38815a2f8c2edd09ba57b69ebd08d2387570,0.0968%
0x6c3c002d8d56a886995d0817c582db34c43b6838,0.0575%
0x87d057b8f06c25a36723a6b80d625da9824a002c,0.0241%
0xe5d97b9c046e87e62f9a3654a57ae82167a5ff3a,0.1521%
0x94055addbaf2158211d365179b197e242c5fe2cb,0.1576%
0x435962305d3d17705fe00a8b498af2061abf50cc,0.0784%
0x236176b4f9d3e3013e6959c58f7fe3de534e1772,0.0968%
0xdbbef48deb4aa44405e53fed3e8c9ca0aded7b7a,0.0519%
0x5044643517a721fe44271bac6439b1f0cc3b1646,0.0519%
0xabe8e1cd972d1b594bc4ae5cd189c5c5d1de5c6a,0.0519%
0xfe2edfcca48d9be548e7145af3cf161312ddc7b5,0.0519%
0x328a6b16bb7fba09aa2c2d60eac427d237e4fefa,0.0519%
0x97031b38cb8867aaba63bfa0da739b8b57eb9ed4,0.0460%
0x508ca69dfce5d736edd7fc7e750b41ef8642f46a,0.0606%
0xa4b455224a6e5baa09d4f7c26b755afd49f5fa17,0.0606%
0xba669d7bcfd625d8105731f212b3f33df54423f4,0.0324%
0xdcba789d4ec575b4e66e37f6f1c1e9f05eebe8e9,0.0838%
0x64650190b0695799bd3c102945ccd9a429296b5f,0.0069%
0xbb6b98abcb46f4f5b0850c8055966a0d2af75dc7,0.0968%
0x5941ce7584df7d49da733d852079f9925ac4257c,0.0606%
0x0ae484418ef5dbc16b0e78985a6ebcc8cc883820,0.0324%
0x00919d3923726a5075348d862f93348348cd283f,0.0324%
0xd3961f3c0eb0c47972d9be24ac5cd7fff81d4f76,0.0324%
0x52131a487858efdca3bc916ff4dae5793fcb1290,0.0606%
0x816ce145220fdbb38f2d474cb2c05b90232692da,0.0324%
0x1bfc7e4268a446d9e4ccc5a4313d31e3521c028d,0.0324%
0xf3a304b4205e1b8f1565544accb18ceda9d6eb51,0.0324%
0x3e3a9bef7e4e5b3d15b306f48d5a64242fcf1dfd,0.0324%
0x2897dca2d2c4c168a1666306c9660db5bc8e0079,0.1196%
0xabe8a878ac7af91ca47cb6b575e8e38d9d2556ff,0.0575%
0x1efd96d1dcb1ceb20f0404741a4fdb231dde6809,0.0914%
0x8963a6183456b8042762a02fccffe8033ce71356,0.0606%
0x774805df85be028f7e59fb6f453cfdaceb6a7e78,0.0610%
0xa1ac38e1f78e783827657c93be033c244ecfda7d,0.0606%
0x3a80b9e8b747c6e332e10184241470dc63c24cd6,0.0436%
0x77242fcd23214aa72ce28307fe5ebcb14f1a44dc,0.0718%
0x4c92aaca353fa7f93c7d7bcda0e684bf5fd3a17d,0.0293%
0x9fe942416d0f1fb0d53d9451d6f51c750949b516,0.0462%
0xb83cade1dc7092d9c0dac98ab5a83f635ad2e730,0.0380%
0x4dd6e84e6707baaa3744037648d76a9be537459e,0.1531%
0xb55fce53a08e587f323ba1b2431aeabeb63f841d,0.0605%
0xb480c5b259126553c915714474c377c8e52afd70,0.0519%
0xcab1ee41b663b712fd58fbaae2a1f04591107faa,0.1494%
0xb2531eccf7dfd65e064600b8e52d05348720254d,0.1196%
0x2eb8aa11450e331ed1603097c1bee5c97dbed92f,0.0686%
0xca3f95ae40abd59326618c76004dccd75e5edf7e,0.0574%
0x6d43545c5b0fe5b0afcf4a01a16948038b0ce228,0.0548%
0xd4430dafc22de29f7c8c39b3be537547714b9101,0.0572%
0x8f81ac84f240b215e2e9a67b6d520612c282b844,0.0685%
0x90a6ac439c433d457383c52e597cfba1b519dc65,0.0460%
0x0ba2284aafaed001a416b1d8955dddddc9ff25d8,0.0641%
0x669b4955eb9cd92896e0b1d8e640d6cfe7fd2eea,0.0518%
0x5f4e5794124b73d219c9de988086c6d354f8c98d,0.0180%
0x9d67e2817e5b2432b45a69137f0d14e27dfd5646,0.0642%
0xa42f4753324675f50a0dc743ee12fe2042a718da,0.0378%
0xb11d48fdcc8d0e54871d77dbe0499adb50914484,0.0517%
0x121da8e691a2b36659143988ea20089dc99841e5,0.0741%
0x62b11c9b710d4e8c5f97435870aaac8c7c650fb0,0.0913%
0xe327ad1aa718ae837be5b9bddebdcb321c7609fd,0.1199%
0xba81d47a3b88cee6be62f9c8bf2b5efa0b0ac0e2,0.0683%
0x5b55b145e2f3834a92efed554b3bb771a72783af,0.0490%
0xea142e8e85f8b94d219fa2ce8c2f2659c8a02ce8,0.0685%
0x3ee69036f4d39ff9bf4448cb832016062cc0cf94,0.0291%
0x87b828013fbdab5b77a40297fb0dc78db420925f,0.0913%
0xb4aaccef9af8cc1f3a120bc74548d93a7373c163,0.0872%
0x7656e4f77e71ff142d61b3165ea18402b135a928,0.0827%
0x614b7817fafbf6bd4d46f7f07fa46a137c1c564b,0.1192%
0x4cd887d08a62a2e8156589014b147840fe8be757,0.0064%
0x997d8ed223d8dc9cb7f6210a205210c63dd0c86b,0.1028%
0xea9bde7a71c015ec8ebb604c66f3f2d8e626348f,0.1198%
0xd3e8e26b1b2a520eba7c9f3db9410a20443e8dc7,0.1196%
0xfdf7696867f01a911f5c03edf4734c0a864f5806,0.0966%
0x6f1c986875c31ecec90cee9fe90f816cc515941a,0.0827%
0x1731b4241fe8cdc4d877b2b54455bff49431d110,0.0516%
0xda4a23e0367c19564e09ea70dd3689bb7d5f6782,0.0688%
0xf3384c1960871b7451ccf59b5fa654a137a79e34,0.0348%
0x0e120a7dcf90acf7ea0a9ea6b0f2d7346887bdf6,0.0683%
0x42318fa84f6432297d8848f422e527e70b687f34,0.0151%
0x1f396cccd019dc8ac17bad63c845cabe7406e925,0.0490%
0xbd0eb89503101326ce14717c3ce07d8412105b9a,0.1196%
0x83d820d2a7c35092b9518ace0b8310ebbff7a384,0.0684%
0x931b3042336b1156a087cdafabb6ca9c8b783d20,0.0546%
0xe03a72079a76192b0a98673957d7f4e68110a610,0.0546%
0x290edb5053f9067302bbe9395204b18e8a9cfe25,0.0853%
0x029df4209e87663493725c70bdbd03e97d5b7c4b,0.1195%
0xba1d5417568e1babeb9956b8ddb43931374049de,0.0348%
0x41421d1fc7d0db7040a8c8d864fc2f0913ab936b,0.0602%
0xd10a26f7e8c915cfb83397127051bdc52d0b30a2,0.0629%
0x465250ed797060539a070f541f5c1dc5bf901043,0.0629%
0x25499543f0d495b4a1dc2bc82ec5acccc39d31d4,0.0629%
0xfff8f90437712e35868e3be89a8b26916c242006,0.0659%
0xaede886cfd46258262aa2debb52f2f47be43da78,0.0628%
0xd50c51168db5ddb44e857d2d6eb3c58417e81d1a,0.0628%
0x5be9cbe491362463491e85b5eac3c53dd3b65c18,0.0297%
0x47dd1c1822aa3121f2f3d222a5978c3d47d87f74,0.0458%
0x7102846d54c2b6bd3eed4eb8e88d53bc26da0cf3,0.0628%
0x399bba1f409c33291233fa9593bfef53006834e7,0.0628%
0xa85747981bd6e40708ef270ba3007a6f3714de57,0.0682%
0x8394975d256c7f58709858994847c3b1bfa15aaf,0.0827%
0xb1f736f2b15597e9b8c70ee919266871e85c78bb,0.0628%
0x411e1a568f91f046ceb381f55878c41c32d54d38,0.0461%
0x5a9156bf3e8d3b95602923a73aed80010d0c4155,0.0628%
0x9e40286256dae32c20b2f6520d7cadb4d8bf9595,0.0628%
0xb598c6a7eb97f25891b1ec6cd0b91ee887369dd1,0.0489%
0xd2b94396d530f13151c964b251e38a055c0ddd0f,0.1193%
0xbcdf5e65167d084453d618d62d4a4c1e5ecea9d4,0.0683%
0x3288ad9b8e7d32f698ac35de51ccc18373e33a85,0.0745%
0x6f0d7d31f8124621a91c7d27803f60dbf54e42bc,0.0576%
0x1b089148110bdcd4b17ab70f3b5a3742a3461282,0.0319%
0x6de1618d73702cd26ee2e399b50e95e5e7431d9d,0.0545%
0xe8e83ddfc373bbbd22edf5a80a30ec7ded8f2b47,0.1530%
0x54eaf04ceb923811ac2656b3d2cc42fd472f8a30,0.1136%
0xe591eec6c07ef55bb060983efe772ce62a1d5af4,0.1420%
0xb96cdfb0486bf4c6ef558558dc351883bec7d263,0.1475%
0x1829650006bba0e774c4604b3f2f1265c17013e3,0.0544%
0xbe6bf2b4ff86ca98647db1f70313b5c9a1e9c6f1,0.0544%
0x944c57e353c601ee61066d3d1a7fa86aa4896640,0.1476%
0x9c43258a7df43255db871b6237fe6f03318d4770,0.1222%
0x6acb72f5bbb4ecb4bd171c660dfe3cd19d89c95a,0.0630%
0x4fb0ab6b4f83f6924e3c7f5dadc6690eddeb4ae5,0.0795%
0x5083c5e176ebc4c41e7d495212a56c5d726082d1,0.0234%
0x5b6ddeec7210fd8e377d120aa8893646f20bbfc8,0.0797%
0xeacfa4278397b2a57e8a098cc86909b49335cb1b,0.0457%
0x4b0f6a90661c2cb463482efdec396132388cca7b,0.1195%
0x45587714b843d2be70ba0e8f1615c56920bf77c1,0.0965%
0x44e8f6a55201d71539734c93976110bd0f7107c0,0.0687%
0x0986d8087410f07b919f36c9c2322be7f0be2573,0.0800%
0xd5ad558b09ebfe1b7f037db7398c456a0ba56409,0.0684%
0x3fc65b4e0a05004186b7a01f9e11e4d7449264e0,0.0233%
0x5670017c91b289190ca2c24fd060ebd709707386,0.0682%
0xbb56e2a58d2c43192407a4388b507e23a28025fc,0.1361%
0xaee614679ad6a2d5744855149b657e960cf7fd66,0.1087%
0xa716d3723c70a0668ae5f845d2a7aca965a7abed,0.0346%
0xcb45cfd138e31601601f3d5b2c0e44b340dd6864,0.1484%
0x3deb7d420e7e5f29723c47f0e7a1fa86739436ce,0.0572%
0x42c6ae4b91e5c047c226dd5d22fd67fca4cb245f,0.1481%
0xea6644090da5229e8dcf118ba989657b9fd73446,0.0518%
0xd1bac4ce73e37dbe75f7f2c5ef966795172590ca,0.0688%
0xdcca5543fd5f9963a8b0b8f51f6bef4adebb52cb,0.0404%
0x3ff5fdf5fe356074d6db6c92efb65734a7a3b630,0.0571%
0x4b85caaef196c9a6b773e7b1a517c573c82480ee,0.0881%
0xe4a785e3e214e9ff2a5b5d0a173c61fa8bf43ee2,0.0570%
0xda257169e178f837b1ddc0dc3640b4b13be1f690,0.0458%
0xacb0a36a79600adc9365ed8c08269d33e077635a,0.0458%
0x690227580205e7f63e09432761782cc6380cc28f,0.0458%
0x497d4fe59bebc55c2cc84da747c9eb6bf0004191,0.0458%
0xa0784bf3c6b601b097f0461ffc1cf66adeed8fee,0.0403%
0x8d44f97ce47177cb763a1057958f442702254ff5,0.0513%
0xf384af4f5a0b5e1d7978c4a9af12c95588c44c7e,0.0514%
0x80a707c63d6aeb511f88e33d2741a34c63bc7541,0.0514%
0x6ead65f79ae9715f62e3ae15b662ae3da0629bc5,0.0514%
0x5381a2e984e1f47529ef67546247bdd302a3332d,0.0514%
0x2f7bc0260eb1a438b7b8786fc2cfdb9c98ebff77,0.0514%
0xed1f0b1271688f158abc4e21884f1ca49495cee0,0.0515%
0xb61687eca22c3aa7681ab44fec926f9ca8368423,0.0512%
0xf56fcef0c672b03009d9b1f7a0a0b5a01729cf92,0.0458%
0x09bd66b85953c849cffec48836a779a69b69d57e,0.0289%
0xb1c4c135361dd3af7bdb5f482a9de11aaa13c221,0.0514%
0xaeb74b6fa2f5e5f9f695df49cee329f4b884294d,0.0625%
0xb016f2bdb728e25a210c6948a9e1a4e586ceaf5b,0.1194%
0xebe70aafdee601f6b038c84f77386f31797e767a,0.0514%
0x33df8400b73136c3ed3d658a4384353f5d903eab,0.0687%
0x78165d36c35ae3b2ab769ad08443daf94cdc2644,0.0743%
0x0b2376ab4b2442818995262fb355b6aecc6512ac,0.0457%
0x490882d74dbb719faeb5966422634443c4ef74ef,0.0514%
0x6936cc35b1d39cb4e41afb9284b8502e68b25942,0.0458%
0x1298926ad63fd1a5329fbd75b45cb48f4e8b6d86,0.0681%
0xaf7c28579933bee568b56a5dfbd09c9ae2858d08,0.0514%
0x7314a02781bad67a6fea9fa6ef6ed485bd7400d7,0.0519%
0xa4220d7800b716a9fedd6538dcab5c6cb567d6c7,0.0933%
0xf67ed89b0b2c02e441b1bb9d51732841accd370b,0.0345%
0x67b15fcb3548f48326a8336d90b9808850aed4df,0.0880%
0xaf7df2fba9d63d498424ea5505595c68014da619,0.0681%
0x1017378c6241e8d83bd9be29644f7085b69dd0f3,0.0682%
0x42db18d76f0cde2a2c6115017f177fffae4d5409,0.1331%
0xa6325ed7689788d239e5a0e17d4d93c82a836042,0.0570%
0xade67e5b8ddba109c3358a922425df9321266b0a,0.1361%
0x2c6b669879a420322b2936970bc9ab54b01639c2,0.0119%
0xda2a50f86ca999349c0141ec7a2fceffa9e5bc0b,0.0344%
0x722d5d696e56b8b8bd0609021c51026ae780c956,0.0344%
0xd8500631e7abca83716725aa57027902a4394ef7,0.1136%
0x152f7d2c3d8ef553bb25bdbd5e64839f37e9d37c,0.0401%
0xd9012a2153f08c0a97bc4916782bfdf174bb9e9d,0.1025%
0x81136fb08642597a64e8d022d7266fedcccbd786,0.0570%
0x5a61bc171ceaa39cb84d00bee28a5806d0165ec2,0.1484%
0xc469b48b1555f34426ea980d6cee472c4121961c,0.1362%
0x7aecb8b728933ab38d1bf7ca7621b2b192b093fc,0.0514%
0x7ffd72a0124a279bc021af410cb337f14fd0dbad,0.0572%
0xb09c5ba11fd61e73cb48d5379b7d82adc32e0199,0.0740%
0xbe1b35bdd52d13eb79e7c470742d4cd4d90b476c,0.0625%
0x638b3c2d69f5c98b745388ae23fec34425362cb8,0.0823%
0xc1806f9377c4bf2d062219bce4e93914d82b1898,0.0344%
0x3ffead915f6a22fb0d3809c49d3d88c9065cfbcf,0.0344%
0x3dc4a60bed3e6db543b370bb4d686007e08c5d55,0.0344%
0x3718a93061683f139083c1cfd3902f16307652ba,0.0344%
0x9e4c537e9bac8799e5dc2355219f21338f4801ea,0.0288%
0x6f39438e205ad0f6b72396ee0ed88ebe429b0e82,0.0570%
0x824a6d76f06a8e845b7f9bb1d5f269202e4d59f0,0.0626%
0x7c193a028c94dab8e37f80693e692c971c7e7da6,0.0626%
0x92f893d7754423acba45f71374e1d1fbca363c0a,0.0625%
0xa39386395d449c66e6e7f74b7c03041463b9d52c,0.0579%
0x7c3bde1db3ddcbe3b19cc21cc21d5535335b8056,0.1196%
0x893849df840158eb6d1ee373963b03ddb928f94d,0.0850%
0x06044d9834cd64b4d79d1f5be344435141c33072,0.0513%
0x6c23cf61fe64c90577dcbfcc7467df3df19138a3,0.0343%
0x4b30175e086c76d86f6777c561e106fc3c0d83c9,0.0343%
0x42dc0544d77c1ee1490ad331f5a31d94fbd1abfe,0.0343%
0x42a00e429e544b500499523dc84a8df7a0564f15,0.0343%
0x2125e7cf2dc1af6c6917fb185074e11f45c6e555,0.0343%
0x1c89e3e47f91feb1ab25461c57f5e49158452601,0.0343%
0xcb22a9f3acade585082f84ada2df417d110588f9,0.0287%
0x976674f67e167356ceb5cf4f68aa61c7766933b9,0.0823%
0x0fcf9f7e1974acb95386a5ca9f1594908b449264,0.0627%
0x65054db37c2f91d1dece0383a8774ffd7ca50684,0.0625%
0xed9f607b97fb4014016bcb83be60d19b66262456,0.0879%
0x327f36e2cb89237306fbe826fc773eecc17a12ba,0.0739%
0xf70b308ef91c9e213097843ebbd3617ce9a2b144,0.0626%
0xdf360cfcc0a4e94f0c8889ede7896736b0e25ed4,0.0879%
0x3817a22f633c38e92d2a190134602c1fbcd2dcec,0.0879%
0xe4f5e10ef22ffe74574246d74c520794b09acb64,0.0879%
0xcc3006c8781bbeba30d83f21a108b6d1ef3fe1ec,0.0879%
0x5db67120fb46227018ddf861e7ca5a1d3427e728,0.0794%
0x98f7bccebc077c01f9604ca3f4344d201825eb44,0.0454%
0xd3fba973aecb259b917395d9e9a17d3406527a37,0.0230%
0x850323397544f6e40ecc4c7ca65f0ad5b6945d94,0.0682%
0xf1579fd5bb13d32b95d0aa03d59cf23a30c1d151,0.0851%
0x724d8b9f9122c8c143a403197bca4ed5278ab98e,0.0822%
0x08db316072eb87175df7a4bfb760372e92dac1d6,0.0879%
0xaefa0f6cd031f4e5a3e88c61602d7af1b9e0919d,0.1248%
0xe659dc504f6ed6c5c1781795eb82a81a4ff388b7,0.0624%
0x41d57ab9b5bd04e033424055ef1c383236fbf914,0.0850%
0x51ba9da362a26d28e65f874dd2c60fd650e3fb1c,0.0456%
0xfce29c4fdfb76ae6211e8a8ff8a352eebfd4f3ef,0.1531%
0xe1e914e70d97cf15a59993833642bdb7e7cc9237,0.0738%
0xeead1d9ce8fab74f027687347988a7d08a03d3d3,0.1210%
0xf1acd6b65a9924771fdcb9168fb38c9fb5a9d376,0.0512%
0x90d339bf4610c995a3db2eedae9decd52d59b678,0.0686%
0xf3374429886ea5af64c62939ae6adda4209dd2e0,0.0682%
0xe7294495206c1f5223d7f0c59b004ce971760541,0.0742%
0xf8a666bd89a3379f11e02c323aeafb96f78a3ed6,0.0681%
0xc32021a1d2f1579eaee9981f293f4c8a27830c7c,0.0117%
0xccec85e7968c25697c18205ee83bea38f1b8982a,0.0626%
0x728578b0d3fbcb6bc76649642e4d0629ad21cd14,0.0795%
0x2fabcd57ffc29648a1a2b36bf373220826f27ef3,0.0684%
0x40abc300d51d4305781cb864b3f960e428b6b49d,0.0853%
0x30dc326c44a2e64fbe5a86fbc756d3f51a79f43c,0.1190%
0x65ace8e1dd2046f5e74808630e4a0cb1075b7f50,0.0568%
0x4ef4de41aeca23739d40b4d8b470ebb50912a441,0.0568%
0xa2c1e971d8d43b1aee8b23c1449998b3d5a81875,0.0568%
0x31afd2df9c514da21d8ab2d7322a17b20f10ea03,0.0286%
0x9fdc4c084c0a77774c6eb66cb080bb49286210b8,0.0737%
0x27da984fcd8bdd8249d5669bf223d57fb3678832,0.1362%
0x6ec94f16b0fb625c0256ff1f34127280ee01cbad,0.0794%
0xb24db2f78f936c82a3ea323d153fa68d0035c94f,0.0794%
0x7f5466aee66452d756e0452e9984898a7cc501b9,0.0794%
0x7f5c1d7b804a1ea58d274e95e03abe788dcaa926,0.0794%
0xc36f2fe0f39a46a45c89bbf92d2531f7d1389062,0.1302%
0x09b705bdd706494047597910505f7615796f11ea,0.0568%
0x0abb4612834aab6c20fbf6b5e3e8ce03ecd4e4e3,0.0736%
0x05750a92258f3f8da386397db788c59bec795fbe,0.0231%
0x8556df7826f451e5777e94ae9e61d0e557d0808f,0.0511%
0x10c6581ec5af802b630293c99a14280473271b66,0.0511%
0xdf08e11b73f92deb482308559de0d9ca3dbb83e2,0.0004%
0xc82ab7eb91b17a1bf1d411f720895bc3485a28e3,0.0793%
0x61ee542262a3d0dfc5439ec2e286999368e50302,0.0456%
0x28badd4c4603d3ffda223fff00cdf695402ee4de,0.1420%
0x2058929a04840eb1a1ed5367b7027f0dc9379920,0.1539%
0x01f5a6f291a2d4f960ca79bf1902f066445e0e23,0.0793%
0xe8f79bd9d49347712c436d341974aa92614e5105,0.0737%
0x509018a16a28b04cce36e869842f8f4efda9e78a,0.0793%
0x518b5918a16c5d9387b2261351cd2356d0c7f1ab,0.0793%
0x88a738eff8a078fc6bd711aafe5dfe12a25a0dfb,0.0793%
0xd7473d181d4a6648b1ccd50626a0f4f3263981ad,0.0793%
0x64bb317c965ad23de652b493e70873a2c166e2ed,0.0793%
0x124ba242c5f3c11ea27a312ec46e17c4a03a1842,0.0793%
0xc955a5fbdbdde6d27b4de803f00f54e8f99185ca,0.0793%
0x86899a5372ccd5f821f9b04cce5fcb7837cbc84b,0.0568%
0x3073e662345d9a01540b21f079e73b1498452fe0,0.0793%
0x69f209307bd9784b75e712c1db98dc8a4df68eb3,0.0793%
0xbc57bfbe44270f7e4933f8f2cee40eef55fd5a25,0.0850%
0x4313ed34aecd7e8e745c07333584e9fb1bfd0a40,0.0793%
0x88a34f26e5cacb6342e722fb6770b18816ebedf6,0.0511%
0x19002462b437d15fabafff2b20be7e07fa4cfb1c,0.0116%
0xbfc6d49e7bee26e06c8f5c1886fd4c99554c93e9,0.0738%
0xc35facf03523e07a0f6a0b1db124956bd4c47c71,0.0398%
0x3ae28806db12a927f122e8db41663f1678374d94,0.0455%
0x5300fdd618deceedbeb379087999e042bf0763ce,0.0568%
0x2260582938f9b42bb862f001bcf1bd837d15c7da,0.0793%
0x712e599c1dd390ff4791820c6bb2244a62c0776c,0.0511%
0xbd2cf338cb2959f573364ada10c79bae262fe75f,0.0737%
0xb8413daa05a5e2414f158688169d327220737b0c,0.0514%
0xaeaeaef539df5527ff0bc0e88a39f0c0d00446e8,0.0625%
0x97b3ba3ed727082aeefc30f46f7d648938a06d39,0.1471%
0xea2f996affa4f941f92fc7bfbf9973fea252f0e2,0.0906%
0xc8f20b76e532a534d4849bdb8a27b96d7ada41ce,0.0459%
0x2807c205bedc4361d913eabd02d30f4a0d64e559,0.0680%
0x98f83281aa0759c0b5446dacd86f2d25a4323dd5,0.0623%
0x44b9e78833ddb7e22bfd28e1e3648b8cccddab20,0.1558%
0x8ee8428c260963ff1ab9305ea59bf42bc855a71a,0.0510%
0x3261cdec0bf64ed58e3966dce121e4cba6575d5a,0.0849%
0x98c9ae56ffbaa0090c6f5112ee4316523a1f45ec,0.1244%
0x37f981640dbe726e4d846c0314be8ddf8500ce11,0.0738%
0x2720eeab20f28cdbb24ca982efba0d32ddd0eff3,0.0454%
0x955bc07c7b45633841228bb60621f1c98bc17e7c,0.0454%
0xf1ab4e3455a1da2dbf16260bc7ec37efda240eb5,0.0792%
0xb4cf8d1bca68008645c6d4ab3a2e63f29349e483,0.1469%
0xa83360de829b817d75db35308849bc919117d3e5,0.0682%
0xf780c3f428d282ebfecfed090ad731911cfe01cc,0.1484%
0x67c93e334a7920d24176273d7c8dc616bc862aac,0.0510%
0x4ff49d73ac5624c91cba06189595275dedb0413e,0.0118%
0x642d6b761d5143207515fbb5a9f3c0365eabd09c,0.0453%
0xe49d0d8cf01ea366d804cc84738a768f0b8b175e,0.0453%
0xe3a8f1fe0de367087082fdaedfbcd65c9df6e309,0.0905%
0xa2b2f10a3c542fed3a53654cca97d34f628f55e3,0.1132%
0xefa1c087490536d2ea647819bc8450102d864e34,0.0737%
0xc49848dead322d702b71ad7631a9183117a95282,0.0741%
0x4827d91cc0ee0eb3747f8cf3642cdd6b11668dc3,0.0738%
0x750e3c4a80ecd6bdc47a902c601cb47b6c50a6f4,0.0623%
0x34ba1b10e53866b46319d6451035380e5cda4553,0.0848%
0x56833c6a0ba7aa5ee749a2c3dea3039f5383cef8,0.0116%
0xf62a7a909a8ac858a941c211b7f974f439071b74,0.1469%
0xf3e36e557a325af44acc5834759055819e22aece,0.1527%
0xed813f0b9749d998322251c0cedbb31ee51f3b76,0.0679%
0x438cc0f5980e6243436974dbea0aa329356d4091,0.0512%
0x978dbac9fe87796ec1a6fc904dc9b878452527a4,0.0230%
0xb2d26066c4a141784ef08d063d09f5b25546d8d3,0.0682%
0x7095464b90093fdf7c3ac4a4fc1f608a695b1d5c,0.0906%
0xe58e19764395cbfe01b612a2327087b77c873396,0.0916%
0xca9c7a9c5b0fa07ebfe2bcfc5bb8f68b049c638e,0.0058%
0x9a088b4f46598059f3462c6b5b0527dcd770aa13,0.0738%
0xebf367eda8fef77507c4b278cf822e50397d6fed,0.0854%
0x305d278091ad0a4e4f633809e21c7f99ef8c43df,0.0058%
0x0002cccecb70fb936d6413ded3d628b13c5d314f,0.0509%
0x097ba4a0dd30c3ad9fa01d3cafa17503ffa7aa57,0.1304%
0x9fcbd533ecb6f7c9d49b13b63fc70c82a99ef900,0.0849%
0xeb6e5a6945a82439043a7d462f778a37e5940834,0.0509%
0x94aeb055df6686ab0e895eefd6011d00758608b7,0.0509%
0xa669a107ce241629dfe07dc285c9807b6cc59ba1,0.1413%
0xf519363b26ab80f22c953e27db1e1b9e053d1a34,0.1355%
0x73b299e12c8adb094bfd8799c912adddb6f8d1fd,0.0791%
0xd9b92d1d8fa673dc0bc66bafcffd4a59d7344937,0.0509%
0x419a2b160c0db5da0011d8aa96f86d7a6fdd25a5,0.0680%
0xbb6981a8e75ce0bd4ab18b38438f911bc59ee081,0.0622%
0x4691f46458e2fde1cbae4554b3ce7123d896a370,0.0510%
0x785b9d476eafb1e81f83dc539ea95c15e7bdc3e9,0.1471%
0x972ee289634bb223bee4ed48972716b89b59c4d7,0.0058%
0xe618e49363aad1f000cc3998168c319020e7be57,0.0574%
0x9afc8bf27d746cb6b864ed1289389693f948957a,0.1426%
0xece56694505e1fadfaf16cc53306ea45f76c3a14,0.0567%
0xfdd9136476a2121a5341566d2f25916ad344688d,0.0791%
0x3ef02b7922978a1200936de10e23c21499d795be,0.0681%
0x7f8cd6a535072ac099623a879cf93cbdaa4f513d,0.1469%
0x1efa3e5958a2df3840e3c2af877633fae10d83cc,0.0567%
0x11a698a6a60c0bb96ef7b8f4ede6ad8397b9ae9e,0.0848%
0x6dd7a2948b38bde6bd4503f8ef1ed71c700adb78,0.0905%
0x6839fe55fb21f95bec22491921bdab488a88f433,0.0848%
0x920ee08483ab444f264b0a312a64af209fc2b5de,0.0736%
0x71003e485e0203e5a7a3ee4abcc9629dcbb4c3c5,0.0341%
0xa57326edec0cabd53b3e3603b2106e7329037e3f,0.0453%
0xeca3be0887f8cbc9a8ef2c5d3e4b0b1ebafcab5f,0.0566%
0xbf90fa156c566d0c32996dacbca0f79f8f0478a0,0.0510%
0x54c1cdc8af0502c79a6ad819a9ad4eb0682cdd99,0.0736%
0x92b39e4c14a00a3fb4f0a347237b35236684b458,0.1188%
0x8bcaf06315f439fdd50dd6fd0cd8cd00b301d536,0.0904%
0x794c94f1b5e455c1dba27bb28c6085db0fe544f9,0.0678%
0x2210b38ac0b2db2c75e7979f469982cf744e03ec,0.0509%
0x4db3ff0a180f6fb57e8ff3a6a184a29d6ea39d5a,0.0624%
0x3d8a6503407f0527c41db462802409fcb7049810,0.0510%
0xef532911656c39c6bc23fbabd05f816055949cf7,0.1194%
0xa18ea553d5773c7657fa13ddd60fbf07661e580e,0.0058%
0x738c5eb7016be88bac068ea68b3761f4cb8e21c7,0.0622%
0xe20b4c1d912671bf9c86c1a13df373f4f9517fe4,0.0058%
0x0f9f624e31618db861fab3e03c5c0ab994956ab4,0.0340%
0x5aca8d6ef53678cbd234911523362fd7ef37d550,0.0792%
0xb15e6ccc1ca878f4a8627bf4fb69c9a8ccd6df35,0.1469%
0xd381932ef72fca51a6a23ffdd3b5e344f63e2b89,0.1194%
0xfb28c03a6e7da302b57f7205610ff03b80cdf38e,0.0058%
0x3e67921673d97ce6968598e59c0a4c84240ce606,0.0058%
0x1f68198c30b3ed235ea6d071010ffa65624453df,0.0340%
0x6ea1881e0f0f126aa9c8bb33eb893b197bb9be31,0.0734%
0x74e30a2a30733d9ee332f8c8c73fe28034404c4d,0.0565%
0x3bb3d4d7973a8acce7739757613961188b877f02,0.0453%
0x08ec41fdcb5f9cd49a2a9d76bbeef952a5d5739d,0.0679%
0xdeb069cc3b7fc6336c923e4bced39cf151b26820,0.0682%
0x7e179c1a722064e6ecd0f3c6f36256ca95f8989a,0.1526%
0x58fd7e37d15b2e09cceea7be4dee79020b1d5af1,0.1079%
0xcd84c7548b2f2c0367e75ea552f1ebda12f91086,0.0680%
0x5c5dcc5dfaf08cfa28a742dc9deeb4c2efce1c36,0.0791%
0x038bf47b6d00a91c9bbdecf00f46d9192658eb49,0.0852%
0xcef87676b7dfd1538e8c0da209af820dd057374e,0.1536%
0x99014f787fa9b21112194e9c8c0a3e4a22d33670,0.0114%
0x2bfb71ad67f2edfc21c3818e18c0e708222b0671,0.1130%
0xa111d43246276420bb78278da345ba1711cc3f28,0.0904%
0x316eef7088c434f8db78ffecf312f60e3a710879,0.0226%
0xeaeef946e48a22d2dec61ddccf27e34b25b9d42b,0.0283%
0x329a439dc9ee46a8fb4a3f4a84aac9d6f5277950,0.1473%
0x6daf44808c1d82ef6dfe7b07d4cfabb3b439d077,0.0847%
0xf5b3e05fef911c1302adc134bbc25995f9da41bc,0.1525%
0xfd079393609b50a07c46a4f58daa097b883875fe,0.0340%
0x62cfb1876755f124813efdd6f4f43b12236179c3,0.0791%
0x18df4b145f074d63efa24dbd61dd00da2cdb3697,0.1130%
0xa8c8ad0101dff2ffd005f4d3163d59586482efe8,0.0057%
0x1aed500c60ca04e5c8a9753f23e79720633a3bb4,0.0850%
0xd3e5f23436f2f372d040730a0527de18b674beee,0.0793%
0xafb78118b006d56265199fb04a81d921fbb06304,0.0452%
0x87448916c591c4c7340054bc741c51935439a653,0.1477%
0xf2263976b5d08efb669cb222206987f122ca0c50,0.0737%
0x7e89adc861ca2ea9a054d03bb09056ade3cce260,0.0283%
0x08d65509e9b83c7ee99a871e13b34575bb6cd16a,0.0962%
0x1b209e4710c04a6cfc11a0d4dd91e8012cd5e892,0.1244%
0xae53c1e1cee03d9a6142464a9f2f6f9e25c6160c,0.1132%
0xdf974829f6d977370b21e065ae445390cb9d010c,0.0565%
0x651939523729ff115ac7632f27a11f29729849e1,0.1414%
0xaea9cf8fb4b76e98e4d183a83e4978cb4ac72b01,0.0794%
0xe8d136ad29b06a27c04f3488c7c419f6f6f42065,0.0565%
0x51c17396dfec70fbc2dbe7dcb9a0760b28b7fa4f,0.0565%
0xb3643a5803eb917ae0bb40c6d3932e17558eee39,0.0568%
0x61a95082f763ad1c6d2891b66ff00de384918b15,0.0170%
0x91297041a56b93f66ebd70b33c501b98f890a6b6,0.0792%
0xa4aa454ae4fd3dfa0fa01518b22f260e7e76b56f,0.0678%
0x30b26e3076638d93392c15d7e7d1690bf72ad109,0.0170%
0x4f1955b9719b6c4bb9fbbaca3f0a2bd545a4f2bf,0.0848%
0x0fbfda03999b8320b292e7d5289728c01ed8de44,0.0621%
0xee46358c95d7995efc34260d34dfbe0a2fe23a5e,0.0680%
0x619dba6a9494fea1f551810882d7bce91e374ae0,0.0679%
0xdaa971e1d19f87243948a75428efcfb8318d2510,0.0170%
0x78915b5e94ca93df5c87fe57b86d30fca518e608,0.0847%
0xfb26120b9e62dd6e98c185a0aa6b2ba09aa8ff4f,0.0113%
0xc6bc64bc02a1ccda9c3a563a3db7bbdd9ab9812c,0.0170%
0x5ffb184fd6c7c5bd9d171f5ea056dd01c42f2b11,0.0058%
0xd6c32b0ac1bb13c6f53953b433f1a008e4e03b02,0.0622%
0xd51a2f6434cb702e0b0a6cd9e70e33b720d403f3,0.1467%
0x67d20ac8f57bd46ee2582a7e210ed47c738476dc,0.0904%
0xebb8d88fa3172588e2e2d9a703d0f954d6a45704,0.0340%
0xac1676e7344251be2ab774c7e97565432a997e6e,0.0961%
0x32a538d59cb0485f742e296f1f0b192823fea671,0.0170%
0x053414ba7c7dd38a53c3e6760c7001b3802a83b3,0.0566%
0xcfd9733663428e392ab9cfa793c4dac1d0556d18,0.1473%
0x2fcb74a7a5f5ef4ef77466b15e789a318f9cbd0b,0.1525%
0x9c14e10cd2deb455db8abcc933499df0aa404554,0.0847%
0x7acdf8532a4572bacf1e9b242ca2545482786a55,0.0509%
0x78d7c13e759a92a4d873cef7130dcb11c5e6e730,0.0734%
0x4eb4445f332a15baeb5d33172eba8c8f261de80f,0.0508%
0x3fcb28801c72c42ada8440694d77a70606827960,0.0508%
0x463470955c61a54210b5ddcc20847cc325a2ff38,0.0565%
0x42340c9b7569de2db37030a8e8846fb7e71f49b3,0.0624%
0x106b74d9892ceb3ac6de2c8b1141a6e843e8e854,0.0508%
0x49f33458114cee5652bfdefaf57a4b8de8b359bb,0.1133%
0x6fb3c0ff7012f51ed49341ffc283de2ae59ad0b6,0.0059%
0xadacd9e830a8ee866b1099d746b2453eb9661c2c,0.0509%
0x33811d04ce50674ed014f39e9dda944b87563294,0.0508%
0xe44aadc83eba7c738ebc09d3b30da58d49e4b4e5,0.0621%
0x940ec171090e4920f3adb90d52c66ff1dfbe7037,0.0057%
0xb5af252add205e5185e248188234c8c99df679f5,0.0508%
0x3cc511fb48a75855b6f4d795e4b6ebfe08320496,0.0679%
0xc6a0d3c3d306cbb0915013cb6a7c45b89f804703,0.0679%
0x685c62f7af7b6b75ea76fdf1302cb5bd1e4fcddd,0.0170%
0x5f9de9b7ec9f6f6917430cd3d6be4bd3d34b4572,0.0512%
0x02e33788dbc7818b00dbc3c5625dcead48abb792,0.0508%
0xf480cb727bf5ab2f818e5d87d8f3e5f0bc90b448,0.0679%
0xdabedbfe4b6f6fc6f238feb4d2e42ffe6069506a,0.1469%
0xf4bc5d8a1c336b804ee3ec4c1a2a3e1c0dafeb17,0.1193%
0x3094ea2500822117a3518cf76518c4f2ec1f01ca,0.0849%
0x67a8ac311be6ae5c977deb456ecd09ae87d80557,0.0678%
0x538696cc6a0bfe6432a6ce5a38fab1bab85363c9,0.0681%
0x40b32c04c2bdae0f136737c2e03bfd7f63186630,0.0282%
0xdbc426ac95eb2ddb9d01db6b58830a3f141898db,0.1079%
0x95e3e31106fc82bb25fefd2c097c823a588ce144,0.0683%
0xa0259aa335fdd2d06753d4f332d0b9a6fc8cf342,0.1130%
0x8c300be07db669850bf142feae04c54224758a77,0.0688%
0x3e2f18e12fa3de657ce80e603ebd120443d77523,0.1128%
0xf0afbf8a39ceafe2f8496666a9fea3702aff851b,0.1188%
0x72a49a6b896a3c0bbafdc629b485c4124095a9ac,0.0343%
0x874eafdfe998508d79e47ca5d321de11cd438372,0.0677%
0xa3b583470a53aeb2848d9b24d0f385be40cfa127,0.0905%
0x048a40bdac48a78b7250b1782ad2ea16682042fe,0.1074%
0xc3ecfcbef4cefcfa61ad7b1b755adced333bc5a0,0.0113%
0x7d2927a15ef73cd5b97bc825891a259f00f4007f,0.1073%
0x07ed3e8e3ce42087e825011c316e17f0051cc983,0.1413%
0x2079e0bd4746e8f681cb461f85158d3292d5c9fc,0.0508%
0x7d4677d92458b3ee24766d3e85ccb258b3babbbe,0.0452%
0xa417100ddcd35787e6c0598e63db45ef5ecca567,0.1015%
0xa6d11ec344cd0487ddee6418eababd633454be24,0.0452%
0xf986e970408a3632e10e8e836c1276027d2a2f3c,0.1418%
0x6f4dddc32b0ee9a91480169f7e14b8c00d9eea81,0.0395%
0xe8f8c0e4cde143b0d52981b8f2870b459192efac,0.0846%
0xd01d73d9b5bf3ffa59dd5931e81c23036af34591,0.0565%
0xb9b806aa4240d1f7e1570321e390ba2939f4b3f4,0.1015%
0x166d7ebe172fa67eea0abb7bf2bd72a64384c6f0,0.1469%
0xe2b9bb096e6d00a38ea3b6af2f45fb95186fde83,0.0856%
0x3eb44a3531db46a494e08689943a9f2dd9e938db,0.0678%
0x61d34a0bf48e0009995c0e48efbb7c07eeef1391,0.0733%
0x358478363a13baddef47f494015c9ef9fd0c2634,0.0847%
0x72c28ae64fc7f22c8780cc1c16295c34eddb26dd,0.0057%
0x07d3d47c24738c638e02228f3057a83160e03b2f,0.1416%
0x5e39f37b10fd3d55f27aa21f4b82a03bd0ab34a2,0.0058%
0xbbd8ac0323b2c605110bc787147e4654dd8e1414,0.0679%
0xfda9ab3cf3c094ceeab6f5efd1ad52cf32a11cc5,0.0588%
0x4b89ab8d898b8e3c33531dde1bd8dcc6ead955fa,0.0000%
0xf0550405d0d7fcab84a87922f51107186ae6013f,0.0059%
0x40cd787f4b78e6a5161b76a956c1dcd6af8c0daa,0.0790%
0x4a4bbac72a84dc1540bd7343dd09688a4c4e7d65,0.0848%
0xbae5bc70281fc90beb3d475ef312a87a84549315,0.0686%
0x111e318936660aaf49d485c74a77ffccb997d030,0.0508%
0xce89a5e0c8d012f03c105714f6b2d9e0d25aee06,0.0680%
0x13c300bbb60c1f72c2e6ded185b0bc329a9347ed,0.0678%
0x8d13272990fd22130ad608862dbe54d64c15f774,0.1471%
0xb9cbe4c2f6400118abda5f3c79fc2295f625fa27,0.0113%
0xdf5095274d3ff869e059973a2f1c7a30ec38b74a,0.0113%
0x00b0d2e834e8f3235929b839654f9b6e8563fc44,0.0113%
0x3e828ff694a09541a293bd0b49eea5e75b15effb,0.0113%
0x5cfa9f6c2b64ad4c1909eacb566e58f99e11a8c6,0.0113%
0x970256a45681a36c4f21e5c9ce100dbe464a0b2f,0.0908%
0x9e63c68D8b60b3f2a729AB1b14Ef87c4BAf07401,0.0908%
